Scenario_Model,AUC_mean,AUC_std,Sensitivity,Specificity,F1,BalancedAcc,Class0_F1,Class1_F1
ClinicalOnly__LogisticRegression,0.8081349206349208,0.10323868583755003,0.7804878048780488,0.8125,0.8421052631578947,0.7964939024390244,0.6842105263157896,0.8421052631578947
Clin+Rad_BCEDice_Top10__XGBoost,0.7876984126984127,0.19106225974803395,0.8780487804878049,0.625,0.8674698795180722,0.7515243902439024,0.6451612903225806,0.8674698795180722
Clin+Rad_GDice_Top10__XGBoost,0.787665343915344,0.17358787952400215,0.8048780487804879,0.6875,0.8354430379746836,0.7461890243902439,0.6285714285714286,0.8354430379746836
Clin+Rad_Tversky_Top10__XGBoost,0.7871693121693122,0.1585318426030481,0.8048780487804879,0.75,0.8461538461538461,0.7774390243902439,0.6666666666666665,0.8461538461538461
ClinicalOnly__SVM_Linear,0.7859126984126985,0.12826487066658254,0.8780487804878049,0.6875,0.8780487804878049,0.7827743902439024,0.6875,0.8780487804878049
Clin+Rad_Dice_Top10__SVM_Linear,0.7833994708994709,0.0982542496142399,0.8292682926829268,0.6875,0.8500000000000001,0.7583841463414633,0.6470588235294118,0.8500000000000001
Clin+Rad_AdaptiveRegional_Top20__SVM_Linear,0.7825396825396825,0.1441170194443557,0.7317073170731707,0.75,0.8,0.7408536585365854,0.6153846153846153,0.8
Clin+Rad_BCEFocalTversky_Top20__SVM_Linear,0.779431216931217,0.17318573486241054,0.7804878048780488,0.6875,0.8205128205128206,0.7339939024390244,0.6111111111111112,0.8205128205128206
Clin+Rad_Dice_Top20__SVM_Linear,0.7786706349206349,0.1720537862239406,0.8292682926829268,0.625,0.8395061728395061,0.7271341463414633,0.6060606060606061,0.8395061728395061
ClinicalOnly__SVM_RBF,0.7774801587301587,0.14154336926973218,0.9512195121951219,0.625,0.9069767441860465,0.788109756097561,0.7142857142857143,0.9069767441860465
Clin+Rad_Tversky_Top10__LogisticRegression,0.771626984126984,0.13560517288279395,0.8536585365853658,0.625,0.8536585365853658,0.7393292682926829,0.625,0.8536585365853658
ClinicalOnly__kNN_k5,0.7692460317460318,0.21476614280359507,0.7317073170731707,0.8125,0.8108108108108109,0.7721036585365854,0.65,0.8108108108108109
Clin+Rad_BCEFocalTversky_Top10__SVM_Linear,0.7691468253968254,0.11559800344340201,0.8780487804878049,0.5625,0.8571428571428572,0.7202743902439024,0.6000000000000001,0.8571428571428572
Clin+Rad_AdaptiveRegional_Top10__XGBoost,0.768915343915344,0.15731601099209475,0.8048780487804879,0.6875,0.8354430379746836,0.7461890243902439,0.6285714285714286,0.8354430379746836
Clin+Rad_FocalTversky_Top10__XGBoost,0.7686507936507937,0.14188158967085315,0.8292682926829268,0.6875,0.8500000000000001,0.7583841463414633,0.6470588235294118,0.8500000000000001
Clin+Rad_BCEDice_Top20__XGBoost,0.7654761904761905,0.17752071834627323,0.8536585365853658,0.625,0.8536585365853658,0.7393292682926829,0.625,0.8536585365853658
Clin+Rad_FocalTversky_Top10__LogisticRegression,0.7637896825396826,0.13072235087540515,0.7073170731707317,0.6875,0.7733333333333334,0.6974085365853658,0.5641025641025642,0.7733333333333334
ClinicalOnly__XGBoost,0.7612433862433863,0.1478537797313481,0.8536585365853658,0.6875,0.8641975308641976,0.7705792682926829,0.6666666666666667,0.8641975308641976
Clin+Rad_Tversky_Top10__SVM_Linear,0.7609126984126985,0.13661690464366674,0.9024390243902439,0.625,0.8809523809523809,0.7637195121951219,0.6666666666666666,0.8809523809523809
ClinicalOnly__MLP,0.7601190476190476,0.19660525963949652,0.9512195121951219,0.625,0.9069767441860465,0.788109756097561,0.7142857142857143,0.9069767441860465
Clin+Rad_AdaptiveRegional_Top10__LogisticRegression,0.7575396825396826,0.1304849763388053,0.8536585365853658,0.5,0.8333333333333333,0.6768292682926829,0.5333333333333333,0.8333333333333333
Clin+Rad_GDice_Top20__XGBoost,0.756712962962963,0.21112380160037567,0.7804878048780488,0.6875,0.8205128205128206,0.7339939024390244,0.6111111111111112,0.8205128205128206
Clin+Rad_FocalTversky_Top20__XGBoost,0.7552579365079366,0.1462166972761944,0.8292682926829268,0.6875,0.8500000000000001,0.7583841463414633,0.6470588235294118,0.8500000000000001
Clin+Rad_Dice_Top10__LogisticRegression,0.754265873015873,0.13510127380011527,0.7317073170731707,0.6875,0.7894736842105263,0.7096036585365854,0.5789473684210527,0.7894736842105263
ClinicalOnly__RandomForest,0.7529761904761905,0.1714657697736829,0.926829268292683,0.5625,0.8837209302325582,0.7446646341463414,0.6428571428571429,0.8837209302325582
Clin+Rad_Tversky_Top50__XGBoost,0.7515211640211639,0.15224195416779682,0.7560975609756098,0.75,0.8157894736842105,0.7530487804878049,0.631578947368421,0.8157894736842105
Clin+Rad_Dice_Top10__GradientBoosting,0.7478505291005291,0.15136467407312462,0.9024390243902439,0.4375,0.8505747126436782,0.6699695121951219,0.5185185185185185,0.8505747126436782
Clin+Rad_Dice_Top10__SVM_RBF,0.7466931216931216,0.10240179982706228,1.0,0.375,0.891304347826087,0.6875,0.5454545454545454,0.891304347826087
Clin+Rad_AdaptiveRegional_Top10__SVM_Linear,0.7452380952380951,0.13248026422136722,0.6829268292682927,0.6875,0.7567567567567567,0.6852134146341464,0.5499999999999999,0.7567567567567567
Clin+Rad_AdaptiveRegional_Top20__LogisticRegression,0.7445767195767196,0.12807102087888142,0.7073170731707317,0.6875,0.7733333333333334,0.6974085365853658,0.5641025641025642,0.7733333333333334
Clin+Rad_FocalTversky_Top20__LogisticRegression,0.7439484126984126,0.15849821843848386,0.8780487804878049,0.5,0.8470588235294119,0.6890243902439024,0.5517241379310345,0.8470588235294119
Clin+Rad_Dice_Top20__XGBoost,0.7414021164021165,0.18760139518326283,0.7804878048780488,0.6875,0.8205128205128206,0.7339939024390244,0.6111111111111112,0.8205128205128206
Clin+Rad_Dice_Top10__XGBoost,0.7414021164021165,0.18760139518326283,0.8048780487804879,0.6875,0.8354430379746836,0.7461890243902439,0.6285714285714286,0.8354430379746836
Clin+Rad_Tversky_Top20__XGBoost,0.740707671957672,0.1494773521339785,0.7560975609756098,0.75,0.8157894736842105,0.7530487804878049,0.631578947368421,0.8157894736842105
Clin+Rad_AdaptiveRegional_Top10__ExtraTrees,0.7404431216931217,0.10296136473933197,0.4146341463414634,1.0,0.5862068965517241,0.7073170731707317,0.5714285714285715,0.5862068965517241
Clin+Rad_Tversky_Top20__SVM_Linear,0.7402777777777778,0.16501496378087938,0.8048780487804879,0.625,0.8250000000000001,0.7149390243902439,0.5882352941176471,0.8250000000000001
Clin+Rad_BCEFocalTversky_Top10__LogisticRegression,0.7401124338624339,0.17316402498338074,0.7317073170731707,0.625,0.7792207792207793,0.6783536585365854,0.5405405405405405,0.7792207792207793
Clin+Rad_AdaptiveRegional_Top20__XGBoost,0.7386243386243386,0.16368447693565183,0.7804878048780488,0.75,0.8311688311688312,0.7652439024390244,0.6486486486486486,0.8311688311688312
Clin+Rad_FocalTversky_Top50__XGBoost,0.7355489417989418,0.13332222792732504,0.8048780487804879,0.6875,0.8354430379746836,0.7461890243902439,0.6285714285714286,0.8354430379746836
Clin+Rad_FocalTversky_Top10__SVM_Linear,0.7352182539682539,0.15303150956626876,0.9024390243902439,0.5625,0.8705882352941177,0.7324695121951219,0.6206896551724138,0.8705882352941177
Clin+Rad_AdaptiveRegional_Top50__SVM_Linear,0.7311838624338625,0.13626731887707905,0.8292682926829268,0.5625,0.8292682926829268,0.6958841463414633,0.5625,0.8292682926829268
Clin+Rad_Tversky_Top20__LogisticRegression,0.7293981481481481,0.15691029891859087,0.7804878048780488,0.625,0.810126582278481,0.7027439024390244,0.5714285714285714,0.810126582278481
Clin+Rad_AdaptiveRegional_Top20__ExtraTrees,0.7293320105820106,0.09717080579004375,0.4146341463414634,0.9375,0.576271186440678,0.6760670731707317,0.5454545454545454,0.576271186440678
Clin+Rad_Dice_Top50__SVM_Linear,0.7291997354497355,0.08833119507736507,0.9024390243902439,0.5,0.8604651162790697,0.7012195121951219,0.5714285714285715,0.8604651162790697
Clin+Rad_Focal_Top20__SVM_Linear,0.7291335978835979,0.1294866632798843,0.7804878048780488,0.5625,0.8,0.6714939024390244,0.5294117647058824,0.8
Clin+Rad_BCEFocalTversky_Top20__LogisticRegression,0.7275132275132276,0.1388951875618877,0.4146341463414634,0.9375,0.576271186440678,0.6760670731707317,0.5454545454545454,0.576271186440678
Clin+Rad_BCEDice_Top10__SVM_Linear,0.726686507936508,0.14196910383047723,0.9024390243902439,0.5625,0.8705882352941177,0.7324695121951219,0.6206896551724138,0.8705882352941177
Clin+Rad_FocalTversky_Top10__ExtraTrees,0.7262070105820106,0.0997942292808999,0.36585365853658536,0.9375,0.5263157894736842,0.6516768292682926,0.5263157894736842,0.5263157894736842
Clin+Rad_Dice_Top20__ExtraTrees,0.7253968253968254,0.1458062009097485,0.36585365853658536,0.9375,0.5263157894736842,0.6516768292682926,0.5263157894736842,0.5263157894736842
Clin+Rad_Dice_Top20__LogisticRegression,0.7236111111111112,0.17548433857874543,0.975609756097561,0.4375,0.888888888888889,0.7065548780487805,0.5833333333333334,0.888888888888889
Clin+Rad_Tversky_Top10__SVM_RBF,0.7228505291005292,0.1260053597394634,0.8780487804878049,0.5,0.8470588235294119,0.6890243902439024,0.5517241379310345,0.8470588235294119
Clin+Rad_GDice_Top10__SVM_Linear,0.7223214285714287,0.14549767006885317,0.7560975609756098,0.625,0.7948717948717948,0.6905487804878049,0.5555555555555556,0.7948717948717948
Clin+Rad_AdaptiveRegional_Top50__LogisticRegression,0.7203703703703704,0.14911720103109183,0.9512195121951219,0.4375,0.8764044943820225,0.694359756097561,0.56,0.8764044943820225
Clin+Rad_GDice_Top10__MLP,0.7200066137566138,0.14241353142023014,0.7804878048780488,0.625,0.810126582278481,0.7027439024390244,0.5714285714285714,0.810126582278481
Clin+Rad_Focal_Top50__LogisticRegression,0.71984126984127,0.10425563094395573,1.0,0.375,0.891304347826087,0.6875,0.5454545454545454,0.891304347826087
Clin+Rad_Focal_Top10__SVM_RBF,0.7196097883597884,0.09795509418764432,0.9512195121951219,0.375,0.8666666666666666,0.663109756097561,0.5,0.8666666666666666
Clin+Rad_AdaptiveRegional_Top20__kNN_k5,0.7185019841269841,0.057122960739207154,0.8536585365853658,0.5625,0.8433734939759037,0.7080792682926829,0.5806451612903225,0.8433734939759037
Clin+Rad_FocalTversky_Top10__SVM_RBF,0.7184854497354498,0.13207423566880575,0.9024390243902439,0.4375,0.8505747126436782,0.6699695121951219,0.5185185185185185,0.8505747126436782
Clin+Rad_BCEDice_Top50__XGBoost,0.7184854497354497,0.20446767385928064,0.7560975609756098,0.6875,0.8051948051948052,0.7217987804878049,0.5945945945945946,0.8051948051948052
Clin+Rad_BCEFocalTversky_Top50__LogisticRegression,0.7182539682539683,0.16243687845122354,0.9512195121951219,0.4375,0.8764044943820225,0.694359756097561,0.56,0.8764044943820225
ClinicalOnly__GradientBoosting,0.7167328042328042,0.24748740876398265,0.8292682926829268,0.6875,0.8500000000000001,0.7583841463414633,0.6470588235294118,0.8500000000000001
ClinicalOnly__ExtraTrees,0.7145833333333333,0.1686856873333097,0.975609756097561,0.5625,0.9090909090909092,0.7690548780487805,0.6923076923076923,0.9090909090909092
Clin+Rad_AdaptiveRegional_Top50__kNN_k5,0.7130291005291005,0.153162151900469,0.5609756097560976,0.75,0.6764705882352942,0.6554878048780488,0.5217391304347827,0.6764705882352942
Clin+Rad_Focal_Top10__LogisticRegression,0.7126984126984126,0.11486296018330303,0.975609756097561,0.375,0.8791208791208791,0.6753048780487805,0.5217391304347825,0.8791208791208791
Clin+Rad_Dice_Top50__XGBoost,0.7103835978835978,0.15998025155622506,0.7560975609756098,0.75,0.8157894736842105,0.7530487804878049,0.631578947368421,0.8157894736842105
Clin+Rad_Tversky_Top50__LogisticRegression,0.7103505291005291,0.10175885175543606,0.926829268292683,0.4375,0.8636363636363636,0.6821646341463414,0.5384615384615384,0.8636363636363636
Clin+Rad_BCEDice_Top20__LogisticRegression,0.7100859788359789,0.1259238938467049,0.7804878048780488,0.5625,0.8,0.6714939024390244,0.5294117647058824,0.8
Clin+Rad_FocalTversky_Top20__ExtraTrees,0.7090608465608466,0.13685113843878208,0.9512195121951219,0.3125,0.8571428571428571,0.631859756097561,0.43478260869565216,0.8571428571428571
Clin+Rad_GDice_Top10__SVM_RBF,0.7084986772486772,0.10015474802510481,0.926829268292683,0.4375,0.8636363636363636,0.6821646341463414,0.5384615384615384,0.8636363636363636
Clin+Rad_Dice_Top10__ExtraTrees,0.7079034391534391,0.14178788245093915,0.975609756097561,0.3125,0.8695652173913043,0.6440548780487805,0.45454545454545453,0.8695652173913043
Clin+Rad_AdaptiveRegional_Top50__MLP,0.7078042328042328,0.0933626332250695,0.7804878048780488,0.5625,0.8,0.6714939024390244,0.5294117647058824,0.8
RadOnly_Dice_Top10__GradientBoosting,0.7071097883597884,0.21068016584892602,0.8292682926829268,0.5625,0.8292682926829268,0.6958841463414633,0.5625,0.8292682926829268
Clin+Rad_FocalTversky_Top50__ExtraTrees,0.7069444444444445,0.1687600019898226,0.5853658536585366,0.6875,0.6857142857142856,0.6364329268292683,0.5,0.6857142857142856
Clin+Rad_Tversky_Top50__SVM_Linear,0.7068783068783069,0.11091756890171582,0.8292682926829268,0.5625,0.8292682926829268,0.6958841463414633,0.5625,0.8292682926829268
Clin+Rad_Focal_Top10__SVM_Linear,0.7065806878306878,0.1073109066517982,0.8536585365853658,0.5625,0.8433734939759037,0.7080792682926829,0.5806451612903225,0.8433734939759037
Clin+Rad_BCEFocalTversky_Top20__XGBoost,0.7064814814814815,0.2046610500429037,0.7560975609756098,0.625,0.7948717948717948,0.6905487804878049,0.5555555555555556,0.7948717948717948
Clin+Rad_BCEFocalTversky_Top20__ExtraTrees,0.7058862433862434,0.17233546208438802,0.34146341463414637,0.9375,0.5,0.6394817073170732,0.5172413793103449,0.5
Clin+Rad_BCEDice_Top10__LogisticRegression,0.7052579365079364,0.1550936361242406,0.9512195121951219,0.4375,0.8764044943820225,0.694359756097561,0.56,0.8764044943820225
Clin+Rad_BCEFocalTversky_Top10__ExtraTrees,0.704728835978836,0.19190896087399992,0.9024390243902439,0.375,0.8409090909090909,0.6387195121951219,0.4615384615384615,0.8409090909090909
RadOnly_AdaptiveRegional_Top20__ExtraTrees,0.7044973544973544,0.11550535399054672,0.5853658536585366,0.75,0.6956521739130435,0.6676829268292683,0.5333333333333333,0.6956521739130435
Clin+Rad_BCEFocalTversky_Top50__SVM_Linear,0.7043981481481482,0.17043640527824475,0.8536585365853658,0.5,0.8333333333333333,0.6768292682926829,0.5333333333333333,0.8333333333333333
Clin+Rad_AdaptiveRegional_Top50__XGBoost,0.7043650793650793,0.1557861911870736,0.7804878048780488,0.6875,0.8205128205128206,0.7339939024390244,0.6111111111111112,0.8205128205128206
Clin+Rad_FocalTversky_Top20__SVM_Linear,0.7029761904761905,0.18477709191386557,0.7560975609756098,0.625,0.7948717948717948,0.6905487804878049,0.5555555555555556,0.7948717948717948
Clin+Rad_Focal_Top10__XGBoost,0.7027777777777778,0.19751543149590198,0.8048780487804879,0.6875,0.8354430379746836,0.7461890243902439,0.6285714285714286,0.8354430379746836
Clin+Rad_Tversky_Top20__ExtraTrees,0.7022817460317461,0.11546715586759802,0.8536585365853658,0.375,0.8139534883720929,0.6143292682926829,0.42857142857142855,0.8139534883720929
Clin+Rad_GDice_Top10__LogisticRegression,0.7020171957671958,0.15084674005118906,0.6341463414634146,0.75,0.7323943661971831,0.6920731707317074,0.5581395348837209,0.7323943661971831
RadOnly_AdaptiveRegional_Top10__ExtraTrees,0.6989748677248677,0.06179701794724152,0.5365853658536586,0.8125,0.6666666666666667,0.6745426829268293,0.5416666666666666,0.6666666666666667
RadOnly_Dice_Top10__RandomForest,0.6987929894179894,0.20811241383615964,0.8780487804878049,0.375,0.8275862068965518,0.6265243902439024,0.4444444444444444,0.8275862068965518
Clin+Rad_GDice_Top20__SVM_Linear,0.6982473544973545,0.15090536159628726,0.7560975609756098,0.6875,0.8051948051948052,0.7217987804878049,0.5945945945945946,0.8051948051948052
Clin+Rad_GDice_Top50__XGBoost,0.6954695767195768,0.20541066364563698,0.7560975609756098,0.75,0.8157894736842105,0.7530487804878049,0.631578947368421,0.8157894736842105
Clin+Rad_AdaptiveRegional_Top10__SVM_RBF,0.695271164021164,0.0936855607975489,1.0,0.375,0.891304347826087,0.6875,0.5454545454545454,0.891304347826087
Clin+Rad_BCEDice_Top10__ExtraTrees,0.6938161375661377,0.15927219511000212,0.8780487804878049,0.4375,0.8372093023255814,0.6577743902439024,0.5,0.8372093023255814
Clin+Rad_BCEFocalTversky_Top10__XGBoost,0.6916997354497354,0.19249257670696704,0.8292682926829268,0.625,0.8395061728395061,0.7271341463414633,0.6060606060606061,0.8395061728395061
Clin+Rad_AdaptiveRegional_Top10__DecisionTree,0.6912698412698413,0.16042056247784833,0.7804878048780488,0.5625,0.8,0.6714939024390244,0.5294117647058824,0.8
Clin+Rad_GDice_Top10__ExtraTrees,0.6910383597883598,0.15078522382004206,0.5609756097560976,0.75,0.6764705882352942,0.6554878048780488,0.5217391304347827,0.6764705882352942
Clin+Rad_Tversky_Top10__ExtraTrees,0.690410052910053,0.12529681174429677,0.9512195121951219,0.3125,0.8571428571428571,0.631859756097561,0.43478260869565216,0.8571428571428571
Clin+Rad_BCEFocalTversky_Top50__ExtraTrees,0.6895502645502646,0.1266002243601491,0.5609756097560976,0.6875,0.6666666666666667,0.6242378048780488,0.4888888888888889,0.6666666666666667
Clin+Rad_FocalTversky_Top10__RandomForest,0.6864914021164021,0.1573770485874311,0.8292682926829268,0.4375,0.8095238095238095,0.6333841463414633,0.4666666666666667,0.8095238095238095
RadOnly_AdaptiveRegional_Top50__kNN_k5,0.6862599206349207,0.17149489710280105,0.4878048780487805,0.75,0.6153846153846153,0.6189024390243902,0.48979591836734687,0.6153846153846153
RadOnly_AdaptiveRegional_Top50__ExtraTrees,0.6852347883597882,0.09640908087729799,0.4878048780487805,0.875,0.6349206349206349,0.6814024390243902,0.5490196078431373,0.6349206349206349
Clin+Rad_Focal_Top50__SVM_Linear,0.6851851851851852,0.11400551090089917,0.8292682926829268,0.4375,0.8095238095238095,0.6333841463414633,0.4666666666666667,0.8095238095238095
Clin+Rad_Dice_Top20__SVM_RBF,0.6847222222222223,0.10445330931646206,0.975609756097561,0.3125,0.8695652173913043,0.6440548780487805,0.45454545454545453,0.8695652173913043
Clin+Rad_Tversky_Top50__ExtraTrees,0.6846560846560846,0.14305015865281856,0.5853658536585366,0.625,0.676056338028169,0.6051829268292683,0.4651162790697674,0.676056338028169
Clin+Rad_Tversky_Top10__MLP,0.6826388888888889,0.17341099577820931,0.9512195121951219,0.5,0.8863636363636364,0.725609756097561,0.6153846153846154,0.8863636363636364
Clin+Rad_Focal_Top20__LogisticRegression,0.6817791005291005,0.14682836106927202,0.975609756097561,0.375,0.8791208791208791,0.6753048780487805,0.5217391304347825,0.8791208791208791
Clin+Rad_AdaptiveRegional_Top50__ExtraTrees,0.6817791005291005,0.15725322859119417,0.6097560975609756,0.75,0.7142857142857144,0.6798780487804879,0.5454545454545454,0.7142857142857144
Clin+Rad_BCEFocalTversky_Top10__SVM_RBF,0.6812830687830688,0.16115302536426118,0.9512195121951219,0.4375,0.8764044943820225,0.694359756097561,0.56,0.8764044943820225
RadOnly_AdaptiveRegional_Top20__MLP,0.6811507936507937,0.09090160359922736,0.7560975609756098,0.5625,0.7848101265822786,0.6592987804878049,0.5142857142857142,0.7848101265822786
Clin+Rad_Focal_Top50__MLP,0.6808201058201059,0.1188148812586639,0.9512195121951219,0.375,0.8666666666666666,0.663109756097561,0.5,0.8666666666666666
Clin+Rad_Focal_Top10__MLP,0.6805555555555556,0.13944333775567927,1.0,0.375,0.891304347826087,0.6875,0.5454545454545454,0.891304347826087
Clin+Rad_FocalTversky_Top20__SVM_RBF,0.6798611111111111,0.1101608672200191,1.0,0.375,0.891304347826087,0.6875,0.5454545454545454,0.891304347826087
Clin+Rad_GDice_Top20__SVM_RBF,0.6798611111111111,0.11016086722001905,0.9024390243902439,0.375,0.8409090909090909,0.6387195121951219,0.4615384615384615,0.8409090909090909
RadOnly_AdaptiveRegional_Top50__MLP,0.6796296296296296,0.15730933764144667,0.6097560975609756,0.75,0.7142857142857144,0.6798780487804879,0.5454545454545454,0.7142857142857144
Clin+Rad_BCEDice_Top20__SVM_Linear,0.6790674603174602,0.18314846292944695,0.8292682926829268,0.5625,0.8292682926829268,0.6958841463414633,0.5625,0.8292682926829268
Clin+Rad_AdaptiveRegional_Top10__kNN_k5,0.6788194444444445,0.05703329788729767,0.8536585365853658,0.5,0.8333333333333333,0.6768292682926829,0.5333333333333333,0.8333333333333333
Clin+Rad_BCEFocalTversky_Top10__kNN_k5,0.6783730158730159,0.16492905626481688,0.6097560975609756,0.6875,0.7042253521126761,0.6486280487804879,0.5116279069767441,0.7042253521126761
RadOnly_Dice_Top20__GradientBoosting,0.6780423280423281,0.1448822753677669,0.4146341463414634,0.875,0.5666666666666667,0.6448170731707317,0.5185185185185185,0.5666666666666667
Clin+Rad_BCEFocalTversky_Top20__MLP,0.6775793650793651,0.1770481768934519,0.7073170731707317,0.5625,0.7532467532467532,0.6349085365853658,0.4864864864864864,0.7532467532467532
Clin+Rad_Focal_Top50__ExtraTrees,0.6772156084656085,0.1805315821245603,0.4634146341463415,0.875,0.6129032258064516,0.6692073170731707,0.5384615384615385,0.6129032258064516
Clin+Rad_Tversky_Top20__SVM_RBF,0.6770833333333334,0.11279111853223679,0.9024390243902439,0.4375,0.8505747126436782,0.6699695121951219,0.5185185185185185,0.8505747126436782
Clin+Rad_Focal_Top20__XGBoost,0.6768518518518519,0.1857952912768001,0.7560975609756098,0.6875,0.8051948051948052,0.7217987804878049,0.5945945945945946,0.8051948051948052
Clin+Rad_Dice_Top10__RandomForest,0.6756283068783068,0.18432352208758,0.7317073170731707,0.5,0.7594936708860759,0.6158536585365854,0.45714285714285713,0.7594936708860759
Clin+Rad_Dice_Top50__ExtraTrees,0.6749669312169312,0.11566798544723948,0.34146341463414637,0.9375,0.5,0.6394817073170732,0.5172413793103449,0.5
Clin+Rad_AdaptiveRegional_Top20__MLP,0.6748346560846561,0.11517661083086136,0.9512195121951219,0.375,0.8666666666666666,0.663109756097561,0.5,0.8666666666666666
Clin+Rad_BCEFocalTversky_Top50__XGBoost,0.6736772486772485,0.20594758093178656,0.8048780487804879,0.5625,0.8148148148148149,0.6836890243902439,0.5454545454545455,0.8148148148148149
Clin+Rad_Tversky_Top10__kNN_k5,0.6731977513227514,0.1124321846669093,0.5609756097560976,0.75,0.6764705882352942,0.6554878048780488,0.5217391304347827,0.6764705882352942
Clin+Rad_BCEFocalTversky_Top10__MLP,0.6729497354497355,0.18938501013483622,0.9024390243902439,0.5,0.8604651162790697,0.7012195121951219,0.5714285714285715,0.8604651162790697
Clin+Rad_FocalTversky_Top20__kNN_k5,0.6722718253968255,0.069713834066431,0.5609756097560976,0.6875,0.6666666666666667,0.6242378048780488,0.4888888888888889,0.6666666666666667
Clin+Rad_Focal_Top20__ExtraTrees,0.6720238095238095,0.1301163790951913,0.43902439024390244,0.9375,0.6,0.6882621951219512,0.5555555555555556,0.6
Clin+Rad_Dice_Top20__GradientBoosting,0.6718584656084656,0.07626177609788012,0.7073170731707317,0.5,0.7435897435897435,0.6036585365853658,0.4444444444444445,0.7435897435897435
Clin+Rad_Dice_Top50__LogisticRegression,0.6707671957671958,0.1390779766012139,0.5365853658536586,0.875,0.676923076923077,0.7057926829268293,0.5714285714285714,0.676923076923077
Clin+Rad_BCEDice_Top20__ExtraTrees,0.6694775132275133,0.13333266080182282,0.3902439024390244,0.875,0.5423728813559323,0.6326219512195121,0.509090909090909,0.5423728813559323
RadOnly_FocalTversky_Top10__RandomForest,0.6690806878306879,0.23556655260046497,0.3902439024390244,0.875,0.5423728813559323,0.6326219512195121,0.509090909090909,0.5423728813559323
Clin+Rad_FocalTversky_Top50__kNN_k5,0.6681382275132275,0.11747710667435844,0.6097560975609756,0.6875,0.7042253521126761,0.6486280487804879,0.5116279069767441,0.7042253521126761
ClinicalOnly__GaussianNB,0.6672619047619048,0.32558163547802293,0.6829268292682927,0.6875,0.7567567567567567,0.6852134146341464,0.5499999999999999,0.7567567567567567
Clin+Rad_AdaptiveRegional_Top10__RandomForest,0.6665013227513228,0.161071249879868,0.5121951219512195,0.8125,0.6461538461538462,0.6623475609756098,0.5306122448979591,0.6461538461538462
Clin+Rad_BCEDice_Top10__SVM_RBF,0.6659391534391534,0.10666666994729988,0.9024390243902439,0.4375,0.8505747126436782,0.6699695121951219,0.5185185185185185,0.8505747126436782
Clin+Rad_BCEDice_Top10__RandomForest,0.6646494708994709,0.13528125113562908,0.926829268292683,0.375,0.8539325842696629,0.6509146341463414,0.4800000000000001,0.8539325842696629
RadOnly_FocalTversky_Top20__ExtraTrees,0.6643187830687831,0.22155365028193236,0.8780487804878049,0.375,0.8275862068965518,0.6265243902439024,0.4444444444444444,0.8275862068965518
RadOnly_Dice_Top50__ExtraTrees,0.6642195767195768,0.10885640657837464,0.43902439024390244,0.875,0.5901639344262295,0.6570121951219512,0.5283018867924528,0.5901639344262295
Clin+Rad_Tversky_Top10__GradientBoosting,0.6637896825396825,0.173829341299734,0.7804878048780488,0.5,0.7901234567901235,0.6402439024390244,0.48484848484848486,0.7901234567901235
RadOnly_Dice_Top10__ExtraTrees,0.66317791005291,0.1629166446503439,0.5121951219512195,0.75,0.6363636363636365,0.6310975609756098,0.5,0.6363636363636365
Clin+Rad_GDice_Top20__ExtraTrees,0.6630952380952382,0.17450574482252584,0.4146341463414634,0.875,0.5666666666666667,0.6448170731707317,0.5185185185185185,0.5666666666666667
Clin+Rad_Dice_Top10__DecisionTree,0.6626984126984127,0.18156659194814834,0.7804878048780488,0.5625,0.8,0.6714939024390244,0.5294117647058824,0.8
ClinicalOnly__DecisionTree,0.6621031746031747,0.09571145590594247,0.8780487804878049,0.4375,0.8372093023255814,0.6577743902439024,0.5,0.8372093023255814
Clin+Rad_AdaptiveRegional_Top20__RandomForest,0.6617890211640212,0.16109971107289842,0.8292682926829268,0.4375,0.8095238095238095,0.6333841463414633,0.4666666666666667,0.8095238095238095
Clin+Rad_Tversky_Top10__DecisionTree,0.6609126984126984,0.18495895100008444,0.7317073170731707,0.5625,0.7692307692307694,0.6471036585365854,0.5,0.7692307692307694
Clin+Rad_Dice_Top20__RandomForest,0.660515873015873,0.14135620242394328,0.975609756097561,0.25,0.860215053763441,0.6128048780487805,0.38095238095238093,0.860215053763441
RadOnly_BCEFocalTversky_Top50__ExtraTrees,0.6604497354497354,0.16690983352758068,0.7073170731707317,0.5625,0.7532467532467532,0.6349085365853658,0.4864864864864864,0.7532467532467532
Clin+Rad_FocalTversky_Top10__kNN_k5,0.6583002645502646,0.07495531175195759,0.8536585365853658,0.4375,0.8235294117647058,0.6455792682926829,0.4827586206896552,0.8235294117647058
Clin+Rad_Dice_Top50__kNN_k5,0.6578373015873016,0.1695001952817586,0.4634146341463415,0.6875,0.5846153846153846,0.5754573170731707,0.4489795918367347,0.5846153846153846
Clin+Rad_Focal_Top20__SVM_RBF,0.6575727513227513,0.11479155382711723,0.6585365853658537,0.5625,0.72,0.6105182926829269,0.46153846153846156,0.72
Clin+Rad_Dice_Top10__kNN_k5,0.6571263227513228,0.1350114988993197,0.8292682926829268,0.5,0.8192771084337348,0.6646341463414633,0.5161290322580646,0.8192771084337348
Clin+Rad_FocalTversky_Top50__LogisticRegression,0.6557208994708994,0.1219939812412305,0.7317073170731707,0.625,0.7792207792207793,0.6783536585365854,0.5405405405405405,0.7792207792207793
Clin+Rad_Tversky_Top10__RandomForest,0.6550264550264551,0.12214561033691135,0.8536585365853658,0.375,0.8139534883720929,0.6143292682926829,0.42857142857142855,0.8139534883720929
Clin+Rad_Focal_Top10__ExtraTrees,0.6549933862433862,0.1594858965669808,0.43902439024390244,0.875,0.5901639344262295,0.6570121951219512,0.5283018867924528,0.5901639344262295
Clin+Rad_BCEDice_Top50__LogisticRegression,0.6543981481481481,0.10255335022975626,0.9512195121951219,0.3125,0.8571428571428571,0.631859756097561,0.43478260869565216,0.8571428571428571
Clin+Rad_FocalTversky_Top20__GradientBoosting,0.6530753968253968,0.1635718665998463,0.6097560975609756,0.6875,0.7042253521126761,0.6486280487804879,0.5116279069767441,0.7042253521126761
Clin+Rad_Focal_Top50__XGBoost,0.6511243386243386,0.14941557949927892,0.7560975609756098,0.6875,0.8051948051948052,0.7217987804878049,0.5945945945945946,0.8051948051948052
Clin+Rad_AdaptiveRegional_Top50__SVM_RBF,0.6501984126984127,0.07246709751134177,0.6341463414634146,0.625,0.7123287671232876,0.6295731707317074,0.48780487804878053,0.7123287671232876
Clin+Rad_AdaptiveRegional_Top10__MLP,0.6497354497354498,0.14583271844763532,0.975609756097561,0.375,0.8791208791208791,0.6753048780487805,0.5217391304347825,0.8791208791208791
Clin+Rad_BCEDice_Top20__SVM_RBF,0.6486111111111111,0.11666666666666668,1.0,0.25,0.8723404255319149,0.625,0.4,0.8723404255319149
RadOnly_AdaptiveRegional_Top10__RandomForest,0.645866402116402,0.14586011583843686,0.7804878048780488,0.5625,0.8,0.6714939024390244,0.5294117647058824,0.8
Clin+Rad_Dice_Top50__GradientBoosting,0.6455357142857143,0.15522151431396644,0.7804878048780488,0.5,0.7901234567901235,0.6402439024390244,0.48484848484848486,0.7901234567901235
Clin+Rad_FocalTversky_Top20__MLP,0.6451388888888888,0.12546979617854817,0.8536585365853658,0.4375,0.8235294117647058,0.6455792682926829,0.4827586206896552,0.8235294117647058
Clin+Rad_BCEDice_Top10__kNN_k5,0.6439814814814814,0.05871421800921365,0.9024390243902439,0.3125,0.8314606741573034,0.6074695121951219,0.39999999999999997,0.8314606741573034
RadOnly_AdaptiveRegional_Top10__MLP,0.6438822751322751,0.14199753932508552,0.4634146341463415,0.8125,0.6031746031746033,0.6379573170731707,0.5098039215686275,0.6031746031746033
Clin+Rad_FocalTversky_Top50__RandomForest,0.6437334656084656,0.160382810367346,0.8048780487804879,0.375,0.7857142857142858,0.5899390243902439,0.39999999999999997,0.7857142857142858
Clin+Rad_FocalTversky_Top50__MLP,0.6435515873015873,0.1054165378271734,0.9512195121951219,0.3125,0.8571428571428571,0.631859756097561,0.43478260869565216,0.8571428571428571
Clin+Rad_Tversky_Top20__MLP,0.6421296296296297,0.07924108479753582,0.9024390243902439,0.4375,0.8505747126436782,0.6699695121951219,0.5185185185185185,0.8505747126436782
RadOnly_BCEDice_Top10__RandomForest,0.6413359788359788,0.1670577317644426,0.9512195121951219,0.25,0.8478260869565216,0.600609756097561,0.36363636363636365,0.8478260869565216
RadOnly_Tversky_Top10__DecisionTree,0.6412698412698413,0.15094708150863267,0.7317073170731707,0.5,0.7594936708860759,0.6158536585365854,0.45714285714285713,0.7594936708860759
Clin+Rad_Tversky_Top50__kNN_k5,0.6408234126984127,0.13501218736688678,0.4878048780487805,0.6875,0.6060606060606061,0.5876524390243902,0.4583333333333333,0.6060606060606061
Clin+Rad_BCEDice_Top50__kNN_k5,0.6404761904761904,0.13708809900346922,0.5121951219512195,0.75,0.6363636363636365,0.6310975609756098,0.5,0.6363636363636365
Clin+Rad_Dice_Top10__MLP,0.6404431216931217,0.16767091363849398,1.0,0.375,0.891304347826087,0.6875,0.5454545454545454,0.891304347826087
RadOnly_Tversky_Top20__ExtraTrees,0.6402281746031745,0.15520797664662478,0.9024390243902439,0.3125,0.8314606741573034,0.6074695121951219,0.39999999999999997,0.8314606741573034
Clin+Rad_AdaptiveRegional_Top10__GradientBoosting,0.6397817460317461,0.17488939833589037,0.5121951219512195,0.75,0.6363636363636365,0.6310975609756098,0.5,0.6363636363636365
Clin+Rad_FocalTversky_Top50__GradientBoosting,0.6393518518518518,0.17674274315093041,0.5853658536585366,0.625,0.676056338028169,0.6051829268292683,0.4651162790697674,0.676056338028169
Clin+Rad_GDice_Top50__SVM_Linear,0.6380621693121693,0.09376886538813486,0.7804878048780488,0.5625,0.8,0.6714939024390244,0.5294117647058824,0.8
RadOnly_BCEDice_Top10__XGBoost,0.6380621693121693,0.18539994869065307,0.9512195121951219,0.3125,0.8571428571428571,0.631859756097561,0.43478260869565216,0.8571428571428571
Clin+Rad_FocalTversky_Top10__MLP,0.6376984126984127,0.1111366183873976,0.975609756097561,0.375,0.8791208791208791,0.6753048780487805,0.5217391304347825,0.8791208791208791
RadOnly_Tversky_Top10__RandomForest,0.6362103174603174,0.156386970703106,0.7073170731707317,0.5625,0.7532467532467532,0.6349085365853658,0.4864864864864864,0.7532467532467532
Clin+Rad_BCEFocalTversky_Top50__GradientBoosting,0.6352513227513228,0.23322154006457244,0.7317073170731707,0.5,0.7594936708860759,0.6158536585365854,0.45714285714285713,0.7594936708860759
Clin+Rad_BCEFocalTversky_Top20__SVM_RBF,0.6344907407407409,0.11309096421269443,0.7560975609756098,0.5625,0.7848101265822786,0.6592987804878049,0.5142857142857142,0.7848101265822786
RadOnly_FocalTversky_Top10__ExtraTrees,0.6334656084656085,0.22488499778042415,0.3902439024390244,0.875,0.5423728813559323,0.6326219512195121,0.509090909090909,0.5423728813559323
RadOnly_Tversky_Top50__ExtraTrees,0.6331018518518519,0.16157009440073963,0.8292682926829268,0.375,0.7999999999999999,0.6021341463414633,0.41379310344827586,0.7999999999999999
RadOnly_Focal_Top50__SVM_RBF,0.6326719576719577,0.08767516670213418,0.2926829268292683,0.9375,0.4444444444444444,0.6150914634146342,0.5,0.4444444444444444
Clin+Rad_BCEDice_Top50__ExtraTrees,0.6323412698412698,0.1598837052164841,0.975609756097561,0.25,0.860215053763441,0.6128048780487805,0.38095238095238093,0.860215053763441
Clin+Rad_FocalTversky_Top20__RandomForest,0.6323082010582011,0.16463593133608856,0.9512195121951219,0.3125,0.8571428571428571,0.631859756097561,0.43478260869565216,0.8571428571428571
Clin+Rad_GDice_Top20__GradientBoosting,0.6320767195767195,0.19753328036913564,0.5365853658536586,0.6875,0.6470588235294118,0.6120426829268293,0.47826086956521735,0.6470588235294118
Clin+Rad_AdaptiveRegional_Top50__GradientBoosting,0.6305886243386244,0.14593566818218706,0.9024390243902439,0.3125,0.8314606741573034,0.6074695121951219,0.39999999999999997,0.8314606741573034
RadOnly_BCEDice_Top50__kNN_k5,0.6302744708994709,0.19474807182149995,0.8048780487804879,0.375,0.7857142857142858,0.5899390243902439,0.39999999999999997,0.7857142857142858
Clin+Rad_BCEFocalTversky_Top50__MLP,0.6296626984126984,0.10345067612650237,0.975609756097561,0.3125,0.8695652173913043,0.6440548780487805,0.45454545454545453,0.8695652173913043
Clin+Rad_GDice_Top50__LogisticRegression,0.6288690476190476,0.1289577224027183,0.5853658536585366,0.8125,0.7058823529411764,0.6989329268292683,0.5652173913043479,0.7058823529411764
RadOnly_AdaptiveRegional_Top10__GradientBoosting,0.6279761904761905,0.20589082176306106,0.7560975609756098,0.4375,0.7654320987654322,0.5967987804878049,0.42424242424242425,0.7654320987654322
Clin+Rad_Dice_Top20__MLP,0.625760582010582,0.14609141640436635,0.9512195121951219,0.375,0.8666666666666666,0.663109756097561,0.5,0.8666666666666666
Clin+Rad_BCEFocalTversky_Top10__RandomForest,0.6248677248677248,0.1353927573197248,0.926829268292683,0.3125,0.8444444444444446,0.6196646341463414,0.4166666666666667,0.8444444444444446
RadOnly_FocalTversky_Top50__ExtraTrees,0.6243386243386244,0.16616410329630713,0.6829268292682927,0.5625,0.736842105263158,0.6227134146341464,0.47368421052631576,0.736842105263158
Clin+Rad_GDice_Top20__LogisticRegression,0.6238425925925926,0.2155812277890501,0.6341463414634146,0.75,0.7323943661971831,0.6920731707317074,0.5581395348837209,0.7323943661971831
Clin+Rad_BCEFocalTversky_Top20__GradientBoosting,0.6233134920634921,0.2118559891258584,0.7560975609756098,0.5,0.7749999999999999,0.6280487804878049,0.47058823529411764,0.7749999999999999
RadOnly_AdaptiveRegional_Top50__RandomForest,0.6232804232804232,0.15692681513126505,0.6829268292682927,0.625,0.7466666666666667,0.6539634146341464,0.5128205128205128,0.7466666666666667
RadOnly_FocalTversky_Top20__RandomForest,0.6232804232804232,0.18719693366588272,0.9024390243902439,0.375,0.8409090909090909,0.6387195121951219,0.4615384615384615,0.8409090909090909
RadOnly_AdaptiveRegional_Top20__RandomForest,0.6228670634920636,0.16266783128192008,0.9024390243902439,0.375,0.8409090909090909,0.6387195121951219,0.4615384615384615,0.8409090909090909
Clin+Rad_GDice_Top50__kNN_k5,0.6228670634920636,0.13683102022519594,0.5609756097560976,0.6875,0.6666666666666667,0.6242378048780488,0.4888888888888889,0.6666666666666667
Clin+Rad_GDice_Top20__kNN_k5,0.622337962962963,0.06333842639798837,0.5609756097560976,0.625,0.6571428571428573,0.5929878048780488,0.45454545454545453,0.6571428571428573
RadOnly_Dice_Top20__DecisionTree,0.620436507936508,0.07221131960267996,0.7317073170731707,0.5,0.7594936708860759,0.6158536585365854,0.45714285714285713,0.7594936708860759
RadOnly_GDice_Top50__SVM_Linear,0.6196759259259259,0.16540092932364323,0.7804878048780488,0.4375,0.7804878048780488,0.6089939024390244,0.4375,0.7804878048780488
Clin+Rad_BCEFocalTversky_Top20__kNN_k5,0.6196097883597884,0.1765648703625728,0.7804878048780488,0.5,0.7901234567901235,0.6402439024390244,0.48484848484848486,0.7901234567901235
Clin+Rad_AdaptiveRegional_Top20__SVM_RBF,0.6194444444444445,0.09026709338484401,1.0,0.3125,0.8817204301075269,0.65625,0.47619047619047616,0.8817204301075269
Clin+Rad_Tversky_Top20__RandomForest,0.6192460317460318,0.104543724224022,1.0,0.25,0.8723404255319149,0.625,0.4,0.8723404255319149
Clin+Rad_Focal_Top20__MLP,0.6191798941798942,0.11783361008295958,0.926829268292683,0.375,0.8539325842696629,0.6509146341463414,0.4800000000000001,0.8539325842696629
RadOnly_Dice_Top50__DecisionTree,0.6190476190476191,0.04393396605868576,0.7317073170731707,0.5,0.7594936708860759,0.6158536585365854,0.45714285714285713,0.7594936708860759
RadOnly_Tversky_Top10__SVM_Linear,0.6187830687830689,0.18983652144380359,0.36585365853658536,0.875,0.5172413793103449,0.6204268292682926,0.4999999999999999,0.5172413793103449
RadOnly_Dice_Top20__ExtraTrees,0.6186507936507937,0.15289059944726796,0.4878048780487805,0.75,0.6153846153846153,0.6189024390243902,0.48979591836734687,0.6153846153846153
Clin+Rad_Tversky_Top20__GradientBoosting,0.6182539682539683,0.24877376265117485,0.7317073170731707,0.5,0.7594936708860759,0.6158536585365854,0.45714285714285713,0.7594936708860759
Clin+Rad_GDice_Top10__kNN_k5,0.6173611111111112,0.08247240466279736,0.8048780487804879,0.375,0.7857142857142858,0.5899390243902439,0.39999999999999997,0.7857142857142858
Clin+Rad_Focal_Top10__kNN_k5,0.6170965608465608,0.15769213888014538,0.5853658536585366,0.5625,0.6666666666666666,0.5739329268292683,0.4285714285714286,0.6666666666666666
Clin+Rad_BCEDice_Top10__MLP,0.6159722222222221,0.21937850626792424,0.975609756097561,0.4375,0.888888888888889,0.7065548780487805,0.5833333333333334,0.888888888888889
RadOnly_Dice_Top50__GradientBoosting,0.615707671957672,0.12236345241074499,0.8292682926829268,0.4375,0.8095238095238095,0.6333841463414633,0.4666666666666667,0.8095238095238095
RadOnly_BCEFocalTversky_Top10__ExtraTrees,0.6155753968253969,0.2255329310447561,0.8536585365853658,0.375,0.8139534883720929,0.6143292682926829,0.42857142857142855,0.8139534883720929
Clin+Rad_Tversky_Top20__DecisionTree,0.6154761904761905,0.19304811238689987,0.6829268292682927,0.5,0.7272727272727273,0.5914634146341464,0.4324324324324324,0.7272727272727273
RadOnly_FocalTversky_Top50__GradientBoosting,0.6149140211640212,0.11012699178488403,0.7804878048780488,0.5625,0.8,0.6714939024390244,0.5294117647058824,0.8
Clin+Rad_GDice_Top50__ExtraTrees,0.613723544973545,0.1620579702491809,0.3170731707317073,1.0,0.48148148148148145,0.6585365853658537,0.5333333333333333,0.48148148148148145
Clin+Rad_GDice_Top10__DecisionTree,0.6136904761904762,0.06501036799300584,0.6829268292682927,0.5625,0.736842105263158,0.6227134146341464,0.47368421052631576,0.736842105263158
Clin+Rad_BCEDice_Top50__MLP,0.6136243386243386,0.0872719205645987,0.7317073170731707,0.5,0.7594936708860759,0.6158536585365854,0.45714285714285713,0.7594936708860759
RadOnly_BCEDice_Top20__GradientBoosting,0.6126653439153439,0.1533823986214882,0.4146341463414634,0.875,0.5666666666666667,0.6448170731707317,0.5185185185185185,0.5666666666666667
Clin+Rad_BCEDice_Top50__GradientBoosting,0.6125992063492064,0.12183169804292382,0.8780487804878049,0.375,0.8275862068965518,0.6265243902439024,0.4444444444444444,0.8275862068965518
RadOnly_FocalTversky_Top20__kNN_k5,0.6123015873015872,0.1615795831879752,0.7560975609756098,0.4375,0.7654320987654322,0.5967987804878049,0.42424242424242425,0.7654320987654322
Clin+Rad_FocalTversky_Top10__GradientBoosting,0.6111111111111112,0.2110014334981438,0.8536585365853658,0.4375,0.8235294117647058,0.6455792682926829,0.4827586206896552,0.8235294117647058
Clin+Rad_BCEDice_Top20__MLP,0.6104828042328043,0.09120010659327535,0.7317073170731707,0.5625,0.7692307692307694,0.6471036585365854,0.5,0.7692307692307694
Clin+Rad_GDice_Top50__DecisionTree,0.6099206349206348,0.10970158966719765,0.6585365853658537,0.5625,0.72,0.6105182926829269,0.46153846153846156,0.72
Clin+Rad_GDice_Top50__GradientBoosting,0.6090608465608465,0.23136036135872562,0.7073170731707317,0.5625,0.7532467532467532,0.6349085365853658,0.4864864864864864,0.7532467532467532
RadOnly_Tversky_Top50__MLP,0.6084656084656085,0.0930337186653955,0.5609756097560976,0.75,0.6764705882352942,0.6554878048780488,0.5217391304347827,0.6764705882352942
RadOnly_BCEDice_Top50__GradientBoosting,0.6082010582010582,0.13338594431083708,0.8536585365853658,0.3125,0.8045977011494252,0.5830792682926829,0.3703703703703703,0.8045977011494252
Clin+Rad_BCEFocalTversky_Top10__DecisionTree,0.6081349206349207,0.21511999557654,0.7073170731707317,0.5,0.7435897435897435,0.6036585365853658,0.4444444444444445,0.7435897435897435
RadOnly_AdaptiveRegional_Top50__GradientBoosting,0.6078042328042328,0.1658922125883999,0.6585365853658537,0.5625,0.72,0.6105182926829269,0.46153846153846156,0.72
Clin+Rad_Tversky_Top50__SVM_RBF,0.607771164021164,0.060476322114684955,0.8536585365853658,0.3125,0.8045977011494252,0.5830792682926829,0.3703703703703703,0.8045977011494252
RadOnly_BCEFocalTversky_Top50__RandomForest,0.6057539682539683,0.12075756088527104,0.6341463414634146,0.6875,0.7222222222222222,0.6608231707317074,0.5238095238095238,0.7222222222222222
Clin+Rad_AdaptiveRegional_Top50__RandomForest,0.6049272486772487,0.2166749740801973,0.4146341463414634,0.875,0.5666666666666667,0.6448170731707317,0.5185185185185185,0.5666666666666667
Clin+Rad_GDice_Top20__MLP,0.6048280423280423,0.14735414113737308,0.8780487804878049,0.375,0.8275862068965518,0.6265243902439024,0.4444444444444444,0.8275862068965518
Clin+Rad_FocalTversky_Top50__SVM_RBF,0.6045634920634921,0.11757287614213405,0.6829268292682927,0.5,0.7272727272727273,0.5914634146341464,0.4324324324324324,0.7272727272727273
RadOnly_BCEFocalTversky_Top20__ExtraTrees,0.6043981481481482,0.18427496210773714,0.7317073170731707,0.5,0.7594936708860759,0.6158536585365854,0.45714285714285713,0.7594936708860759
RadOnly_FocalTversky_Top10__GradientBoosting,0.6038690476190476,0.17522762164611805,0.4878048780487805,0.8125,0.625,0.6501524390243902,0.52,0.625
RadOnly_Dice_Top50__kNN_k5,0.6036044973544973,0.1509872110083402,0.5121951219512195,0.625,0.6176470588235294,0.5685975609756098,0.43478260869565216,0.6176470588235294
Clin+Rad_Tversky_Top50__MLP,0.6031415343915343,0.0360980871720826,0.7560975609756098,0.5,0.7749999999999999,0.6280487804878049,0.47058823529411764,0.7749999999999999
Clin+Rad_BCEFocalTversky_Top50__RandomForest,0.601653439153439,0.1201418698666195,0.8048780487804879,0.5,0.8048780487804877,0.6524390243902439,0.5,0.8048780487804877
RadOnly_BCEDice_Top20__XGBoost,0.6005952380952382,0.20362750241057628,0.8048780487804879,0.5,0.8048780487804877,0.6524390243902439,0.5,0.8048780487804877
RadOnly_AdaptiveRegional_Top10__kNN_k5,0.5999669312169311,0.13365744324323556,0.8048780487804879,0.3125,0.7764705882352942,0.5586890243902439,0.3448275862068966,0.7764705882352942
Clin+Rad_FocalTversky_Top10__DecisionTree,0.5998015873015874,0.09331220741363987,0.7073170731707317,0.5,0.7435897435897435,0.6036585365853658,0.4444444444444445,0.7435897435897435
Clin+Rad_BCEDice_Top10__GradientBoosting,0.5997354497354498,0.19176993029993145,0.8292682926829268,0.4375,0.8095238095238095,0.6333841463414633,0.4666666666666667,0.8095238095238095
RadOnly_FocalTversky_Top10__SVM_RBF,0.5983796296296295,0.12271138783778565,0.5609756097560976,0.6875,0.6666666666666667,0.6242378048780488,0.4888888888888889,0.6666666666666667
RadOnly_BCEFocalTversky_Top50__GradientBoosting,0.5970238095238095,0.2500995014889049,0.4634146341463415,0.75,0.59375,0.6067073170731707,0.48,0.59375
Clin+Rad_BCEFocalTversky_Top20__RandomForest,0.5968915343915344,0.14913427233918103,0.7560975609756098,0.5,0.7749999999999999,0.6280487804878049,0.47058823529411764,0.7749999999999999
RadOnly_Tversky_Top20__DecisionTree,0.5968253968253968,0.11993977870791195,0.7560975609756098,0.375,0.7560975609756099,0.5655487804878049,0.375,0.7560975609756099
RadOnly_FocalTversky_Top50__kNN_k5,0.5963789682539683,0.14930700574099293,0.6341463414634146,0.5625,0.7027027027027027,0.5983231707317074,0.45,0.7027027027027027
Clin+Rad_GDice_Top50__SVM_RBF,0.5962632275132275,0.11585842467503679,0.8780487804878049,0.3125,0.8181818181818182,0.5952743902439024,0.38461538461538464,0.8181818181818182
RadOnly_BCEFocalTversky_Top10__GradientBoosting,0.5956018518518518,0.20231481481481484,0.3902439024390244,0.75,0.5245901639344263,0.5701219512195121,0.4528301886792453,0.5245901639344263
RadOnly_Dice_Top20__RandomForest,0.5945105820105819,0.1625483779330581,0.9024390243902439,0.25,0.8222222222222222,0.5762195121951219,0.3333333333333333,0.8222222222222222
RadOnly_BCEDice_Top10__ExtraTrees,0.5933862433862434,0.16383472613677538,1.0,0.1875,0.8631578947368421,0.59375,0.3157894736842105,0.8631578947368421
Clin+Rad_BCEDice_Top20__RandomForest,0.592989417989418,0.16696957440896135,0.926829268292683,0.3125,0.8444444444444446,0.6196646341463414,0.4166666666666667,0.8444444444444446
Clin+Rad_BCEFocalTversky_Top50__kNN_k5,0.5925760582010582,0.15376813804029119,1.0,0.125,0.8541666666666666,0.5625,0.2222222222222222,0.8541666666666666
RadOnly_GDice_Top20__MLP,0.5916005291005291,0.14256258825787602,0.2926829268292683,0.875,0.4363636363636364,0.5838414634146342,0.47457627118644063,0.4363636363636364
Clin+Rad_Tversky_Top50__RandomForest,0.5910714285714286,0.1280160206259789,1.0,0.25,0.8723404255319149,0.625,0.4,0.8723404255319149
RadOnly_Dice_Top50__MLP,0.5910383597883597,0.05306520736554453,0.17073170731707318,1.0,0.2916666666666667,0.5853658536585366,0.48484848484848486,0.2916666666666667
Clin+Rad_FocalTversky_Top50__SVM_Linear,0.5904761904761904,0.22416104332245476,0.9024390243902439,0.375,0.8409090909090909,0.6387195121951219,0.4615384615384615,0.8409090909090909
RadOnly_BCEDice_Top20__SVM_RBF,0.5899801587301587,0.11556223952629853,0.3902439024390244,0.75,0.5245901639344263,0.5701219512195121,0.4528301886792453,0.5245901639344263
Clin+Rad_Dice_Top20__DecisionTree,0.5898809523809524,0.18666575558572607,0.6829268292682927,0.5,0.7272727272727273,0.5914634146341464,0.4324324324324324,0.7272727272727273
RadOnly_AdaptiveRegional_Top20__SVM_Linear,0.5896164021164021,0.112057415236609,0.7804878048780488,0.5,0.7901234567901235,0.6402439024390244,0.48484848484848486,0.7901234567901235
Clin+Rad_Tversky_Top50__GradientBoosting,0.5889550264550264,0.1849426794620401,0.6097560975609756,0.5625,0.684931506849315,0.5861280487804879,0.43902439024390244,0.684931506849315
RadOnly_Dice_Top10__DecisionTree,0.5880952380952381,0.15770302595084829,0.8292682926829268,0.375,0.7999999999999999,0.6021341463414633,0.41379310344827586,0.7999999999999999
RadOnly_Dice_Top20__kNN_k5,0.5880291005291005,0.13245001666553327,0.17073170731707318,0.9375,0.28571428571428575,0.5541158536585366,0.46153846153846156,0.28571428571428575
RadOnly_FocalTversky_Top10__MLP,0.5875992063492064,0.18079512712442639,0.7317073170731707,0.5,0.7594936708860759,0.6158536585365854,0.45714285714285713,0.7594936708860759
RadOnly_BCEFocalTversky_Top50__MLP,0.5870039682539683,0.044776695321791425,0.8780487804878049,0.3125,0.8181818181818182,0.5952743902439024,0.38461538461538464,0.8181818181818182
RadOnly_Tversky_Top10__ExtraTrees,0.5867063492063492,0.17437936593905287,0.7317073170731707,0.5,0.7594936708860759,0.6158536585365854,0.45714285714285713,0.7594936708860759
RadOnly_BCEFocalTversky_Top10__SVM_Linear,0.5856481481481481,0.24098100546130455,0.5121951219512195,0.8125,0.6461538461538462,0.6623475609756098,0.5306122448979591,0.6461538461538462
RadOnly_AdaptiveRegional_Top10__XGBoost,0.5852678571428572,0.09392703952251634,0.9024390243902439,0.3125,0.8314606741573034,0.6074695121951219,0.39999999999999997,0.8314606741573034
RadOnly_Dice_Top10__MLP,0.5851190476190476,0.07755474988048733,0.3902439024390244,0.8125,0.5333333333333333,0.6013719512195121,0.4814814814814815,0.5333333333333333
Clin+Rad_Focal_Top20__kNN_k5,0.5846230158730158,0.11833433803454975,0.6097560975609756,0.5625,0.684931506849315,0.5861280487804879,0.43902439024390244,0.684931506849315
RadOnly_Dice_Top50__SVM_RBF,0.5838293650793651,0.10063945053897654,0.7804878048780488,0.3125,0.761904761904762,0.5464939024390244,0.3333333333333333,0.761904761904762
RadOnly_FocalTversky_Top20__DecisionTree,0.5829365079365079,0.09379193023857949,0.8292682926829268,0.375,0.7999999999999999,0.6021341463414633,0.41379310344827586,0.7999999999999999
RadOnly_BCEDice_Top10__DecisionTree,0.5825396825396825,0.18246030019953385,0.8292682926829268,0.375,0.7999999999999999,0.6021341463414633,0.41379310344827586,0.7999999999999999
RadOnly_Tversky_Top20__LogisticRegression,0.5807539682539682,0.1369070623225179,0.8048780487804879,0.4375,0.7951807228915663,0.6211890243902439,0.45161290322580644,0.7951807228915663
RadOnly_Tversky_Top20__MLP,0.5777116402116402,0.07789590335126312,0.5365853658536586,0.6875,0.6470588235294118,0.6120426829268293,0.47826086956521735,0.6470588235294118
RadOnly_BCEFocalTversky_Top50__SVM_RBF,0.5771825396825397,0.08042056090500825,0.3170731707317073,0.9375,0.4727272727272727,0.6272865853658537,0.5084745762711865,0.4727272727272727
Clin+Rad_GDice_Top50__MLP,0.5769179894179894,0.08661536862617705,0.7317073170731707,0.5,0.7594936708860759,0.6158536585365854,0.45714285714285713,0.7594936708860759
RadOnly_Dice_Top10__SVM_RBF,0.5768518518518518,0.09735881057848082,0.2926829268292683,0.875,0.4363636363636364,0.5838414634146342,0.47457627118644063,0.4363636363636364
Clin+Rad_BCEDice_Top20__GradientBoosting,0.576388888888889,0.2110928354662592,0.8780487804878049,0.375,0.8275862068965518,0.6265243902439024,0.4444444444444444,0.8275862068965518
RadOnly_BCEDice_Top20__ExtraTrees,0.5739748677248677,0.1632514287274432,0.9024390243902439,0.25,0.8222222222222222,0.5762195121951219,0.3333333333333333,0.8222222222222222
RadOnly_GDice_Top50__MLP,0.5737103174603175,0.23469706288164502,0.975609756097561,0.125,0.8421052631578947,0.5503048780487805,0.21052631578947367,0.8421052631578947
RadOnly_BCEFocalTversky_Top20__RandomForest,0.5733796296296296,0.1823739158950715,0.6097560975609756,0.5625,0.684931506849315,0.5861280487804879,0.43902439024390244,0.684931506849315
RadOnly_GDice_Top50__GradientBoosting,0.5732142857142857,0.1482614244751559,0.24390243902439024,0.875,0.37735849056603776,0.5594512195121951,0.459016393442623,0.37735849056603776
RadOnly_Tversky_Top50__kNN_k5,0.5717261904761906,0.23149405672569592,0.7317073170731707,0.375,0.7407407407407408,0.5533536585365854,0.3636363636363636,0.7407407407407408
Clin+Rad_Dice_Top50__RandomForest,0.5714947089947089,0.05652514327922862,0.7560975609756098,0.5,0.7749999999999999,0.6280487804878049,0.47058823529411764,0.7749999999999999
Clin+Rad_Dice_Top50__MLP,0.5707010582010582,0.08080873931796094,0.7317073170731707,0.4375,0.7499999999999999,0.5846036585365854,0.411764705882353,0.7499999999999999
RadOnly_Tversky_Top50__LogisticRegression,0.5705357142857143,0.22105178231263561,0.7073170731707317,0.5625,0.7532467532467532,0.6349085365853658,0.4864864864864864,0.7532467532467532
Clin+Rad_Dice_Top50__DecisionTree,0.5696428571428571,0.14792115783159746,0.6341463414634146,0.5,0.6933333333333332,0.5670731707317074,0.41025641025641024,0.6933333333333332
Clin+Rad_GDice_Top10__RandomForest,0.5695767195767196,0.23686286368900328,0.34146341463414637,0.875,0.4912280701754386,0.6082317073170732,0.4912280701754386,0.4912280701754386
Clin+Rad_FocalTversky_Top20__DecisionTree,0.5682539682539682,0.1184814579716758,0.7073170731707317,0.4375,0.7341772151898733,0.5724085365853658,0.39999999999999997,0.7341772151898733
RadOnly_FocalTversky_Top50__MLP,0.5681547619047619,0.10062654094850058,0.5365853658536586,0.75,0.6567164179104478,0.6432926829268293,0.5106382978723403,0.6567164179104478
RadOnly_BCEFocalTversky_Top10__RandomForest,0.5680555555555555,0.23225611129649076,0.8536585365853658,0.375,0.8139534883720929,0.6143292682926829,0.42857142857142855,0.8139534883720929
Clin+Rad_Focal_Top10__RandomForest,0.5679232804232804,0.2271730183690579,0.8536585365853658,0.3125,0.8045977011494252,0.5830792682926829,0.3703703703703703,0.8045977011494252
Clin+Rad_BCEDice_Top20__kNN_k5,0.5674603174603174,0.05618969150200908,0.8292682926829268,0.375,0.7999999999999999,0.6021341463414633,0.41379310344827586,0.7999999999999999
Clin+Rad_Focal_Top50__DecisionTree,0.5672619047619047,0.19228473417624328,0.7073170731707317,0.4375,0.7341772151898733,0.5724085365853658,0.39999999999999997,0.7341772151898733
RadOnly_BCEFocalTversky_Top20__MLP,0.5665343915343914,0.09424229547963926,0.7317073170731707,0.5,0.7594936708860759,0.6158536585365854,0.45714285714285713,0.7594936708860759
RadOnly_Tversky_Top10__GradientBoosting,0.5664517195767196,0.18708434525616754,0.8048780487804879,0.4375,0.7951807228915663,0.6211890243902439,0.45161290322580644,0.7951807228915663
RadOnly_GDice_Top10__ExtraTrees,0.5661375661375662,0.18809458695070322,0.2926829268292683,0.875,0.4363636363636364,0.5838414634146342,0.47457627118644063,0.4363636363636364
RadOnly_AdaptiveRegional_Top50__LogisticRegression,0.5656746031746032,0.14736654885981454,0.7317073170731707,0.5,0.7594936708860759,0.6158536585365854,0.45714285714285713,0.7594936708860759
RadOnly_GDice_Top50__SVM_RBF,0.5654761904761905,0.14386767806963066,0.3902439024390244,0.8125,0.5333333333333333,0.6013719512195121,0.4814814814814815,0.5333333333333333
RadOnly_BCEDice_Top50__SVM_RBF,0.5651785714285714,0.1310213562935015,0.8536585365853658,0.3125,0.8045977011494252,0.5830792682926829,0.3703703703703703,0.8045977011494252
RadOnly_FocalTversky_Top10__kNN_k5,0.5645667989417988,0.11055520322487543,0.6829268292682927,0.4375,0.7179487179487181,0.5602134146341464,0.38888888888888884,0.7179487179487181
RadOnly_BCEDice_Top50__XGBoost,0.5645502645502646,0.26243386243386246,0.975609756097561,0.3125,0.8695652173913043,0.6440548780487805,0.45454545454545453,0.8695652173913043
Clin+Rad_Dice_Top20__kNN_k5,0.5645171957671957,0.06310858205261635,0.8780487804878049,0.25,0.8089887640449439,0.5640243902439024,0.32,0.8089887640449439
RadOnly_BCEDice_Top10__GradientBoosting,0.5643518518518519,0.20513177871610197,0.9024390243902439,0.3125,0.8314606741573034,0.6074695121951219,0.39999999999999997,0.8314606741573034
RadOnly_Dice_Top50__RandomForest,0.5639880952380952,0.1233993000433826,0.4634146341463415,0.6875,0.5846153846153846,0.5754573170731707,0.4489795918367347,0.5846153846153846
Clin+Rad_BCEFocalTversky_Top10__GradientBoosting,0.5629298941798941,0.16166947567602025,0.9024390243902439,0.3125,0.8314606741573034,0.6074695121951219,0.39999999999999997,0.8314606741573034
RadOnly_Tversky_Top50__RandomForest,0.5625661375661376,0.12542556543375313,0.6585365853658537,0.5625,0.72,0.6105182926829269,0.46153846153846156,0.72
Clin+Rad_GDice_Top10__GradientBoosting,0.5621362433862434,0.21400690799865743,0.5121951219512195,0.8125,0.6461538461538462,0.6623475609756098,0.5306122448979591,0.6461538461538462
Clin+Rad_Focal_Top20__RandomForest,0.5616071428571427,0.1759419498808944,0.9512195121951219,0.25,0.8478260869565216,0.600609756097561,0.36363636363636365,0.8478260869565216
RadOnly_Focal_Top50__ExtraTrees,0.5607142857142857,0.08237927025227006,0.8292682926829268,0.375,0.7999999999999999,0.6021341463414633,0.41379310344827586,0.7999999999999999
RadOnly_Tversky_Top10__MLP,0.5605489417989418,0.13756170182612545,0.8780487804878049,0.25,0.8089887640449439,0.5640243902439024,0.32,0.8089887640449439
RadOnly_Focal_Top50__GradientBoosting,0.5604166666666667,0.06332785063987778,0.8048780487804879,0.4375,0.7951807228915663,0.6211890243902439,0.45161290322580644,0.7951807228915663
RadOnly_FocalTversky_Top20__MLP,0.5595238095238095,0.07317098775629277,0.5853658536585366,0.5625,0.6666666666666666,0.5739329268292683,0.4285714285714286,0.6666666666666666
RadOnly_BCEFocalTversky_Top20__GradientBoosting,0.5583333333333333,0.1901104292474297,0.2682926829268293,0.875,0.4074074074074075,0.5716463414634146,0.4666666666666667,0.4074074074074075
RadOnly_Focal_Top50__RandomForest,0.5577380952380953,0.08569591219888434,0.8292682926829268,0.3125,0.7906976744186047,0.5708841463414633,0.35714285714285715,0.7906976744186047
RadOnly_GDice_Top20__SVM_Linear,0.5573082010582011,0.09670296039956888,0.7560975609756098,0.4375,0.7654320987654322,0.5967987804878049,0.42424242424242425,0.7654320987654322
RadOnly_Focal_Top10__MLP,0.556712962962963,0.1226851851851852,0.9512195121951219,0.1875,0.8387096774193549,0.569359756097561,0.2857142857142857,0.8387096774193549
RadOnly_Tversky_Top20__RandomForest,0.5556878306878307,0.13149665099380345,0.9024390243902439,0.3125,0.8314606741573034,0.6074695121951219,0.39999999999999997,0.8314606741573034
RadOnly_BCEDice_Top20__RandomForest,0.5550595238095238,0.15975549293625438,0.8048780487804879,0.375,0.7857142857142858,0.5899390243902439,0.39999999999999997,0.7857142857142858
RadOnly_AdaptiveRegional_Top50__XGBoost,0.5547123015873016,0.1741759236456146,0.926829268292683,0.1875,0.8260869565217392,0.5571646341463414,0.2727272727272727,0.8260869565217392
Clin+Rad_Tversky_Top20__kNN_k5,0.5542658730158729,0.10916467603038701,0.4878048780487805,0.6875,0.6060606060606061,0.5876524390243902,0.4583333333333333,0.6060606060606061
Clin+Rad_Focal_Top50__GradientBoosting,0.5541666666666667,0.12472191289246472,0.7804878048780488,0.4375,0.7804878048780488,0.6089939024390244,0.4375,0.7804878048780488
RadOnly_BCEFocalTversky_Top20__SVM_RBF,0.5525132275132275,0.1182569273921628,0.6341463414634146,0.5,0.6933333333333332,0.5670731707317074,0.41025641025641024,0.6933333333333332
Clin+Rad_Tversky_Top50__DecisionTree,0.5523809523809524,0.22857142857142862,0.7317073170731707,0.375,0.7407407407407408,0.5533536585365854,0.3636363636363636,0.7407407407407408
RadOnly_AdaptiveRegional_Top20__kNN_k5,0.5515873015873016,0.16025065400441751,0.14634146341463414,0.9375,0.25,0.541920731707317,0.45454545454545453,0.25
RadOnly_Focal_Top50__LogisticRegression,0.5507605820105821,0.10284710520921148,0.4146341463414634,0.75,0.5483870967741935,0.5823170731707317,0.46153846153846156,0.5483870967741935
RadOnly_AdaptiveRegional_Top20__XGBoost,0.5504298941798942,0.08441431145911175,0.8780487804878049,0.3125,0.8181818181818182,0.5952743902439024,0.38461538461538464,0.8181818181818182
RadOnly_BCEFocalTversky_Top50__kNN_k5,0.5499669312169313,0.19870845461532857,1.0,0.0625,0.8453608247422679,0.53125,0.11764705882352941,0.8453608247422679
RadOnly_GDice_Top10__MLP,0.5463955026455026,0.09669346097552646,0.5609756097560976,0.625,0.6571428571428573,0.5929878048780488,0.45454545454545453,0.6571428571428573
RadOnly_AdaptiveRegional_Top10__SVM_RBF,0.5457341269841269,0.18141594669930544,0.5609756097560976,0.625,0.6571428571428573,0.5929878048780488,0.45454545454545453,0.6571428571428573
RadOnly_AdaptiveRegional_Top20__GradientBoosting,0.5454034391534391,0.1019080747386044,0.8536585365853658,0.3125,0.8045977011494252,0.5830792682926829,0.3703703703703703,0.8045977011494252
RadOnly_FocalTversky_Top20__LogisticRegression,0.5449404761904761,0.12907336986092924,0.5365853658536586,0.6875,0.6470588235294118,0.6120426829268293,0.47826086956521735,0.6470588235294118
Clin+Rad_BCEDice_Top50__RandomForest,0.544675925925926,0.15022345610019966,0.8780487804878049,0.3125,0.8181818181818182,0.5952743902439024,0.38461538461538464,0.8181818181818182
RadOnly_FocalTversky_Top20__GradientBoosting,0.5440145502645504,0.13057105039307237,0.7560975609756098,0.5,0.7749999999999999,0.6280487804878049,0.47058823529411764,0.7749999999999999
RadOnly_BCEDice_Top20__kNN_k5,0.5434027777777778,0.16743889386582897,0.7804878048780488,0.375,0.7710843373493976,0.5777439024390244,0.38709677419354843,0.7710843373493976
Clin+Rad_Focal_Top50__RandomForest,0.542989417989418,0.11411135778890914,0.8536585365853658,0.3125,0.8045977011494252,0.5830792682926829,0.3703703703703703,0.8045977011494252
RadOnly_Focal_Top20__SVM_RBF,0.5420965608465609,0.11763582700731273,0.1951219512195122,1.0,0.326530612244898,0.5975609756097561,0.4923076923076923,0.326530612244898
RadOnly_FocalTversky_Top50__RandomForest,0.5419642857142858,0.1561110808498934,0.7804878048780488,0.375,0.7710843373493976,0.5777439024390244,0.38709677419354843,0.7710843373493976
RadOnly_BCEDice_Top50__ExtraTrees,0.5419477513227513,0.12077989470749043,0.8292682926829268,0.3125,0.7906976744186047,0.5708841463414633,0.35714285714285715,0.7906976744186047
RadOnly_Dice_Top20__SVM_Linear,0.5408399470899471,0.13668212541645391,0.3902439024390244,0.75,0.5245901639344263,0.5701219512195121,0.4528301886792453,0.5245901639344263
RadOnly_GDice_Top50__RandomForest,0.5390542328042328,0.17545638149107168,0.8048780487804879,0.3125,0.7764705882352942,0.5586890243902439,0.3448275862068966,0.7764705882352942
RadOnly_AdaptiveRegional_Top10__SVM_Linear,0.5373677248677249,0.11145151308673815,0.4634146341463415,0.6875,0.5846153846153846,0.5754573170731707,0.4489795918367347,0.5846153846153846
RadOnly_Dice_Top50__LogisticRegression,0.5366402116402117,0.10343001894741169,0.1951219512195122,1.0,0.326530612244898,0.5975609756097561,0.4923076923076923,0.326530612244898
RadOnly_BCEDice_Top50__LogisticRegression,0.5357473544973546,0.1883531350074858,0.4878048780487805,0.6875,0.6060606060606061,0.5876524390243902,0.4583333333333333,0.6060606060606061
RadOnly_Focal_Top50__MLP,0.535681216931217,0.1038509534917146,0.926829268292683,0.1875,0.8260869565217392,0.5571646341463414,0.2727272727272727,0.8260869565217392
RadOnly_GDice_Top50__ExtraTrees,0.5354828042328041,0.18470884267399423,0.21951219512195122,0.9375,0.3529411764705882,0.5785060975609756,0.4761904761904763,0.3529411764705882
RadOnly_FocalTversky_Top20__SVM_Linear,0.5353835978835979,0.11337761400350979,0.5609756097560976,0.5625,0.6478873239436621,0.5617378048780488,0.4186046511627907,0.6478873239436621
RadOnly_GDice_Top20__ExtraTrees,0.5342261904761905,0.1946665196043616,0.36585365853658536,0.875,0.5172413793103449,0.6204268292682926,0.4999999999999999,0.5172413793103449
Clin+Rad_Focal_Top20__GradientBoosting,0.5333994708994709,0.0695080333706819,0.4878048780487805,0.6875,0.6060606060606061,0.5876524390243902,0.4583333333333333,0.6060606060606061
RadOnly_AdaptiveRegional_Top20__SVM_RBF,0.533068783068783,0.17457511398696082,0.24390243902439024,0.875,0.37735849056603776,0.5594512195121951,0.459016393442623,0.37735849056603776
RadOnly_GDice_Top20__DecisionTree,0.5325396825396826,0.12113643663728571,0.7317073170731707,0.3125,0.7317073170731707,0.5221036585365854,0.3125,0.7317073170731707
RadOnly_GDice_Top20__kNN_k5,0.5316137566137566,0.2102842433254515,0.8292682926829268,0.25,0.7816091954022988,0.5396341463414633,0.2962962962962963,0.7816091954022988
Clin+Rad_BCEFocalTversky_Top50__SVM_RBF,0.5310515873015873,0.12610356271175138,0.9024390243902439,0.25,0.8222222222222222,0.5762195121951219,0.3333333333333333,0.8222222222222222
RadOnly_FocalTversky_Top50__LogisticRegression,0.5305555555555556,0.09875771574795102,0.5121951219512195,0.6875,0.6268656716417911,0.5998475609756098,0.4680851063829787,0.6268656716417911
Clin+Rad_FocalTversky_Top50__DecisionTree,0.5303571428571429,0.11214372774013606,0.6829268292682927,0.375,0.7088607594936709,0.5289634146341464,0.34285714285714286,0.7088607594936709
RadOnly_Dice_Top10__kNN_k5,0.5301587301587302,0.07319680825504019,0.7073170731707317,0.375,0.725,0.5411585365853658,0.35294117647058826,0.725
RadOnly_Tversky_Top20__GradientBoosting,0.5298280423280424,0.15094592237540377,0.8292682926829268,0.375,0.7999999999999999,0.6021341463414633,0.41379310344827586,0.7999999999999999
RadOnly_FocalTversky_Top50__DecisionTree,0.5297619047619049,0.09834547114962247,0.8048780487804879,0.25,0.7674418604651163,0.5274390243902439,0.28571428571428575,0.7674418604651163
Clin+Rad_GDice_Top10__GaussianNB,0.5296130952380953,0.3033964540085936,0.7073170731707317,0.4375,0.7341772151898733,0.5724085365853658,0.39999999999999997,0.7341772151898733
Clin+Rad_BCEDice_Top50__SVM_Linear,0.5293981481481482,0.12718343389505893,0.926829268292683,0.3125,0.8444444444444446,0.6196646341463414,0.4166666666666667,0.8444444444444446
RadOnly_AdaptiveRegional_Top50__DecisionTree,0.5293650793650794,0.1406501142855067,0.6585365853658537,0.4375,0.7012987012987012,0.5480182926829269,0.37837837837837834,0.7012987012987012
Clin+Rad_Focal_Top10__DecisionTree,0.528968253968254,0.2060192722518421,0.7073170731707317,0.375,0.725,0.5411585365853658,0.35294117647058826,0.725
RadOnly_Tversky_Top50__GradientBoosting,0.5275628306878307,0.18301690563566328,0.9024390243902439,0.3125,0.8314606741573034,0.6074695121951219,0.39999999999999997,0.8314606741573034
RadOnly_GDice_Top10__kNN_k5,0.5269179894179894,0.13532877369992558,0.926829268292683,0.125,0.8172043010752689,0.5259146341463414,0.19047619047619047,0.8172043010752689
RadOnly_BCEDice_Top10__SVM_RBF,0.5266203703703703,0.1247382375815531,0.8536585365853658,0.3125,0.8045977011494252,0.5830792682926829,0.3703703703703703,0.8045977011494252
Clin+Rad_Dice_Top50__SVM_RBF,0.5251653439153439,0.031594864404427075,0.6097560975609756,0.5625,0.684931506849315,0.5861280487804879,0.43902439024390244,0.684931506849315
RadOnly_FocalTversky_Top10__SVM_Linear,0.5248346560846561,0.11015093997710308,0.2926829268292683,0.875,0.4363636363636364,0.5838414634146342,0.47457627118644063,0.4363636363636364
RadOnly_Tversky_Top20__SVM_Linear,0.5240410052910053,0.21502225995327137,0.17073170731707318,0.9375,0.28571428571428575,0.5541158536585366,0.46153846153846156,0.28571428571428575
RadOnly_Tversky_Top50__SVM_RBF,0.5238425925925927,0.10801928998841918,0.8536585365853658,0.3125,0.8045977011494252,0.5830792682926829,0.3703703703703703,0.8045977011494252
Clin+Rad_BCEFocalTversky_Top50__DecisionTree,0.5228174603174602,0.15852913858435394,0.7317073170731707,0.3125,0.7317073170731707,0.5221036585365854,0.3125,0.7317073170731707
RadOnly_BCEDice_Top10__LogisticRegression,0.5218253968253969,0.17906457479097956,0.5121951219512195,0.625,0.6176470588235294,0.5685975609756098,0.43478260869565216,0.6176470588235294
RadOnly_Focal_Top10__SVM_Linear,0.5214947089947091,0.19353980975577983,0.0975609756097561,1.0,0.17777777777777776,0.5487804878048781,0.463768115942029,0.17777777777777776
Clin+Rad_AdaptiveRegional_Top10__GaussianNB,0.520816798941799,0.2695891261696651,0.4634146341463415,0.6875,0.5846153846153846,0.5754573170731707,0.4489795918367347,0.5846153846153846
RadOnly_Focal_Top10__GradientBoosting,0.5207671957671958,0.09059021559535892,0.17073170731707318,0.9375,0.28571428571428575,0.5541158536585366,0.46153846153846156,0.28571428571428575
RadOnly_FocalTversky_Top10__DecisionTree,0.5200396825396825,0.1596308769656623,0.6829268292682927,0.375,0.7088607594936709,0.5289634146341464,0.34285714285714286,0.7088607594936709
Clin+Rad_Dice_Top10__GaussianNB,0.5177248677248677,0.2828766098404705,0.24390243902439024,0.9375,0.38461538461538464,0.5907012195121951,0.48387096774193544,0.38461538461538464
Clin+Rad_AdaptiveRegional_Top20__DecisionTree,0.5176587301587302,0.1834672773944378,0.6585365853658537,0.375,0.6923076923076923,0.5167682926829269,0.33333333333333326,0.6923076923076923
RadOnly_Tversky_Top20__kNN_k5,0.5162863756613756,0.09872250285941238,0.3902439024390244,0.6875,0.5161290322580646,0.5388719512195121,0.42307692307692313,0.5161290322580646
RadOnly_Dice_Top20__SVM_RBF,0.5156084656084656,0.11592132548545146,0.926829268292683,0.1875,0.8260869565217392,0.5571646341463414,0.2727272727272727,0.8260869565217392
RadOnly_BCEFocalTversky_Top50__DecisionTree,0.5154761904761905,0.1797421938105454,0.6585365853658537,0.375,0.6923076923076923,0.5167682926829269,0.33333333333333326,0.6923076923076923
RadOnly_GDice_Top10__RandomForest,0.515244708994709,0.2155602873266669,0.12195121951219512,1.0,0.21739130434782605,0.5609756097560976,0.47058823529411764,0.21739130434782605
RadOnly_Tversky_Top50__DecisionTree,0.5144841269841269,0.17996327065706577,0.7073170731707317,0.3125,0.7160493827160495,0.5099085365853658,0.30303030303030304,0.7160493827160495
RadOnly_Focal_Top20__kNN_k5,0.5142030423280424,0.04869776631869723,0.6097560975609756,0.4375,0.6666666666666666,0.5236280487804879,0.358974358974359,0.6666666666666666
Clin+Rad_FocalTversky_Top10__GaussianNB,0.5135582010582012,0.26191211042012946,0.21951219512195122,0.875,0.34615384615384615,0.5472560975609756,0.4516129032258065,0.34615384615384615
RadOnly_FocalTversky_Top50__SVM_RBF,0.5130291005291007,0.07489961834928252,0.14634146341463414,1.0,0.2553191489361702,0.573170731707317,0.47761194029850745,0.2553191489361702
RadOnly_BCEFocalTversky_Top50__GaussianNB,0.5127645502645504,0.16686910314391393,0.9512195121951219,0.125,0.8297872340425531,0.538109756097561,0.2,0.8297872340425531
RadOnly_AdaptiveRegional_Top20__LogisticRegression,0.5110780423280422,0.0999173157297736,0.8780487804878049,0.25,0.8089887640449439,0.5640243902439024,0.32,0.8089887640449439
RadOnly_Tversky_Top50__GaussianNB,0.5095899470899471,0.19488912726696103,0.8048780487804879,0.25,0.7674418604651163,0.5274390243902439,0.28571428571428575,0.7674418604651163
RadOnly_BCEFocalTversky_Top10__MLP,0.5095238095238095,0.1939311332780855,0.9512195121951219,0.1875,0.8387096774193549,0.569359756097561,0.2857142857142857,0.8387096774193549
RadOnly_BCEDice_Top10__MLP,0.5094246031746031,0.18396452620269652,0.4634146341463415,0.6875,0.5846153846153846,0.5754573170731707,0.4489795918367347,0.5846153846153846
Clin+Rad_AdaptiveRegional_Top20__GradientBoosting,0.5083002645502646,0.23464179604618413,0.4878048780487805,0.6875,0.6060606060606061,0.5876524390243902,0.4583333333333333,0.6060606060606061
RadOnly_BCEFocalTversky_Top20__kNN_k5,0.5077380952380952,0.21371949000538829,0.4634146341463415,0.5625,0.5671641791044776,0.5129573170731707,0.3829787234042554,0.5671641791044776
RadOnly_BCEDice_Top50__MLP,0.5076058201058201,0.13629153615697612,0.7804878048780488,0.3125,0.761904761904762,0.5464939024390244,0.3333333333333333,0.761904761904762
RadOnly_Focal_Top20__RandomForest,0.5074404761904762,0.11436646315103038,0.9024390243902439,0.25,0.8222222222222222,0.5762195121951219,0.3333333333333333,0.8222222222222222
RadOnly_Tversky_Top10__kNN_k5,0.5073412698412698,0.1542518048502891,0.9024390243902439,0.125,0.8043478260869564,0.5137195121951219,0.18181818181818182,0.8043478260869564
RadOnly_Dice_Top10__LogisticRegression,0.5064153439153439,0.15577041050498547,0.2926829268292683,0.875,0.4363636363636364,0.5838414634146342,0.47457627118644063,0.4363636363636364
RadOnly_AdaptiveRegional_Top10__DecisionTree,0.5061507936507936,0.14246308084157197,0.7804878048780488,0.25,0.7529411764705882,0.5152439024390244,0.27586206896551724,0.7529411764705882
Clin+Rad_BCEDice_Top50__SVM_RBF,0.5059854497354497,0.05240754262032881,0.5121951219512195,0.625,0.6176470588235294,0.5685975609756098,0.43478260869565216,0.6176470588235294
RadOnly_Focal_Top10__SVM_RBF,0.5056878306878307,0.1359101075977012,0.17073170731707318,0.9375,0.28571428571428575,0.5541158536585366,0.46153846153846156,0.28571428571428575
Clin+Rad_Focal_Top50__kNN_k5,0.5055224867724868,0.10507891883300649,0.8780487804878049,0.1875,0.8,0.5327743902439024,0.25,0.8
Clin+Rad_AdaptiveRegional_Top50__DecisionTree,0.5051587301587303,0.1777686983934344,0.6341463414634146,0.375,0.6753246753246753,0.5045731707317074,0.3243243243243243,0.6753246753246753
RadOnly_BCEDice_Top20__DecisionTree,0.5047619047619047,0.1646782367003338,0.7317073170731707,0.3125,0.7317073170731707,0.5221036585365854,0.3125,0.7317073170731707
Clin+Rad_GDice_Top50__RandomForest,0.5045469576719577,0.23638820062568208,0.1951219512195122,0.9375,0.32,0.5663109756097561,0.46875,0.32
Clin+Rad_Dice_Top20__GaussianNB,0.5044146825396825,0.24274236786890785,0.5121951219512195,0.625,0.6176470588235294,0.5685975609756098,0.43478260869565216,0.6176470588235294
RadOnly_GDice_Top50__DecisionTree,0.5043650793650793,0.1306658722421745,0.0,1.0,0.0,0.5,0.4383561643835616,0.0
Clin+Rad_BCEFocalTversky_Top10__GaussianNB,0.50380291005291,0.2440370887878882,0.2682926829268293,0.9375,0.4150943396226415,0.6028963414634146,0.49180327868852464,0.4150943396226415
RadOnly_Tversky_Top50__SVM_Linear,0.5034391534391535,0.21825893853567796,0.0975609756097561,1.0,0.17777777777777776,0.5487804878048781,0.463768115942029,0.17777777777777776
RadOnly_Focal_Top20__SVM_Linear,0.5028439153439154,0.11455163922583879,0.4634146341463415,0.6875,0.5846153846153846,0.5754573170731707,0.4489795918367347,0.5846153846153846
Clin+Rad_BCEFocalTversky_Top20__DecisionTree,0.5025793650793651,0.20811931561940047,0.6585365853658537,0.375,0.6923076923076923,0.5167682926829269,0.33333333333333326,0.6923076923076923
RadOnly_BCEFocalTversky_Top10__kNN_k5,0.5020998677248677,0.15243980531551468,0.9024390243902439,0.125,0.8043478260869564,0.5137195121951219,0.18181818181818182,0.8043478260869564
RadOnly_Focal_Top10__DecisionTree,0.5019841269841271,0.1511521948786351,0.0,1.0,0.0,0.5,0.4383561643835616,0.0
RadOnly_Focal_Top20__DecisionTree,0.501984126984127,0.1391932605926259,0.7560975609756098,0.25,0.7380952380952381,0.5030487804878049,0.26666666666666666,0.7380952380952381
RadOnly_Focal_Top50__DecisionTree,0.5015873015873017,0.14133419926929927,0.7073170731707317,0.3125,0.7160493827160495,0.5099085365853658,0.30303030303030304,0.7160493827160495
RadOnly_BCEDice_Top50__DecisionTree,0.4992063492063493,0.14468952694949533,0.7073170731707317,0.3125,0.7160493827160495,0.5099085365853658,0.30303030303030304,0.7160493827160495
RadOnly_FocalTversky_Top50__GaussianNB,0.49831349206349207,0.2091922016617245,0.1951219512195122,0.875,0.3137254901960785,0.5350609756097561,0.44444444444444436,0.3137254901960785
RadOnly_Focal_Top50__GaussianNB,0.4967261904761905,0.15049756855374635,0.9024390243902439,0.1875,0.8131868131868132,0.5449695121951219,0.26086956521739124,0.8131868131868132
RadOnly_Tversky_Top10__LogisticRegression,0.49649470899470893,0.16905124156720125,0.4146341463414634,0.8125,0.5573770491803278,0.6135670731707317,0.49056603773584906,0.5573770491803278
Clin+Rad_Focal_Top10__GradientBoosting,0.49576719576719575,0.10585717769943968,0.6585365853658537,0.5,0.7105263157894737,0.5792682926829269,0.4210526315789474,0.7105263157894737
Clin+Rad_Focal_Top20__DecisionTree,0.4946428571428571,0.14726393111316666,0.0,1.0,0.0,0.5,0.4383561643835616,0.0
Clin+Rad_GDice_Top20__RandomForest,0.4934193121693122,0.21366324976923673,0.34146341463414637,0.8125,0.48275862068965514,0.5769817073170732,0.46428571428571436,0.48275862068965514
Clin+Rad_GDice_Top20__DecisionTree,0.49325396825396817,0.16426055132806586,0.0,1.0,0.0,0.5,0.4383561643835616,0.0
RadOnly_Dice_Top10__SVM_Linear,0.49289021164021163,0.12967138068058842,0.4634146341463415,0.6875,0.5846153846153846,0.5754573170731707,0.4489795918367347,0.5846153846153846
RadOnly_Dice_Top20__MLP,0.4927910052910052,0.11680321107682717,0.17073170731707318,0.9375,0.28571428571428575,0.5541158536585366,0.46153846153846156,0.28571428571428575
RadOnly_AdaptiveRegional_Top10__GaussianNB,0.49196428571428574,0.1955307564220501,0.9024390243902439,0.125,0.8043478260869564,0.5137195121951219,0.18181818181818182,0.8043478260869564
RadOnly_GDice_Top10__SVM_Linear,0.4909391534391535,0.17952878780267476,0.4634146341463415,0.6875,0.5846153846153846,0.5754573170731707,0.4489795918367347,0.5846153846153846
RadOnly_BCEFocalTversky_Top20__DecisionTree,0.4904761904761905,0.2144708195216866,0.7073170731707317,0.3125,0.7160493827160495,0.5099085365853658,0.30303030303030304,0.7160493827160495
RadOnly_Focal_Top10__ExtraTrees,0.48964947089947086,0.10375146107045065,0.8292682926829268,0.3125,0.7906976744186047,0.5708841463414633,0.35714285714285715,0.7906976744186047
RadOnly_BCEDice_Top50__RandomForest,0.48938492063492056,0.15056164273826972,0.8292682926829268,0.3125,0.7906976744186047,0.5708841463414633,0.35714285714285715,0.7906976744186047
RadOnly_Focal_Top20__LogisticRegression,0.48931878306878307,0.10863986599011122,0.3170731707317073,0.8125,0.45614035087719296,0.5647865853658537,0.45614035087719296,0.45614035087719296
RadOnly_AdaptiveRegional_Top50__SVM_Linear,0.48809523809523814,0.19564337210889254,0.9512195121951219,0.125,0.8297872340425531,0.538109756097561,0.2,0.8297872340425531
RadOnly_AdaptiveRegional_Top50__GaussianNB,0.4872685185185185,0.17379311447589582,0.36585365853658536,0.75,0.4999999999999999,0.5579268292682926,0.44444444444444436,0.4999999999999999
RadOnly_GDice_Top20__RandomForest,0.4866071428571429,0.1792793507376324,0.9024390243902439,0.1875,0.8131868131868132,0.5449695121951219,0.26086956521739124,0.8131868131868132
Clin+Rad_BCEDice_Top10__DecisionTree,0.48630952380952375,0.2127317256546968,0.0,1.0,0.0,0.5,0.4383561643835616,0.0
RadOnly_FocalTversky_Top10__LogisticRegression,0.4861441798941799,0.1481688294568724,0.14634146341463414,0.9375,0.25,0.541920731707317,0.45454545454545453,0.25
RadOnly_GDice_Top10__DecisionTree,0.48531746031746026,0.11088660709097899,0.0,1.0,0.0,0.5,0.4383561643835616,0.0
Clin+Rad_Tversky_Top10__GaussianNB,0.48473875661375665,0.28319162278331905,0.6341463414634146,0.5625,0.7027027027027027,0.5983231707317074,0.45,0.7027027027027027
RadOnly_Dice_Top50__GaussianNB,0.48417658730158736,0.12990203012544885,0.9512195121951219,0.125,0.8297872340425531,0.538109756097561,0.2,0.8297872340425531
Clin+Rad_GDice_Top20__GaussianNB,0.483912037037037,0.28970358251770717,0.975609756097561,0.125,0.8421052631578947,0.5503048780487805,0.21052631578947367,0.8421052631578947
RadOnly_Tversky_Top20__SVM_RBF,0.48376322751322753,0.14238007926900847,0.8292682926829268,0.25,0.7816091954022988,0.5396341463414633,0.2962962962962963,0.7816091954022988
RadOnly_BCEFocalTversky_Top20__LogisticRegression,0.48349867724867723,0.11538458050334731,0.2682926829268293,0.875,0.4074074074074075,0.5716463414634146,0.4666666666666667,0.4074074074074075
RadOnly_GDice_Top50__LogisticRegression,0.48346560846560854,0.11182999991777814,0.0975609756097561,1.0,0.17777777777777776,0.5487804878048781,0.463768115942029,0.17777777777777776
Clin+Rad_Focal_Top10__GaussianNB,0.4825562169312169,0.21349864282870265,0.4878048780487805,0.6875,0.6060606060606061,0.5876524390243902,0.4583333333333333,0.6060606060606061
Clin+Rad_BCEDice_Top10__GaussianNB,0.4817294973544974,0.2930865087944892,0.6829268292682927,0.5,0.7272727272727273,0.5914634146341464,0.4324324324324324,0.7272727272727273
RadOnly_Focal_Top20__GaussianNB,0.4814153439153439,0.15479078779003252,1.0,0.125,0.8541666666666666,0.5625,0.2222222222222222,0.8541666666666666
Clin+Rad_Dice_Top50__GaussianNB,0.48091931216931216,0.16182159578984992,0.8780487804878049,0.25,0.8089887640449439,0.5640243902439024,0.32,0.8089887640449439
RadOnly_GDice_Top20__GradientBoosting,0.48088624338624336,0.23644715463649818,0.8048780487804879,0.25,0.7674418604651163,0.5274390243902439,0.28571428571428575,0.7674418604651163
RadOnly_BCEDice_Top10__kNN_k5,0.4798611111111112,0.10532687216470446,0.7560975609756098,0.3125,0.746987951807229,0.5342987804878049,0.3225806451612903,0.746987951807229
Clin+Rad_Tversky_Top50__GaussianNB,0.47954695767195765,0.12982893937675088,0.926829268292683,0.1875,0.8260869565217392,0.5571646341463414,0.2727272727272727,0.8260869565217392
RadOnly_AdaptiveRegional_Top20__DecisionTree,0.47896825396825404,0.21356562578751906,0.0,1.0,0.0,0.5,0.4383561643835616,0.0
Clin+Rad_BCEFocalTversky_Top50__GaussianNB,0.4788359788359789,0.16678367858533644,0.926829268292683,0.25,0.8351648351648352,0.5884146341463414,0.34782608695652173,0.8351648351648352
RadOnly_BCEFocalTversky_Top50__LogisticRegression,0.4779761904761905,0.10230555855702761,0.1951219512195122,0.9375,0.32,0.5663109756097561,0.46875,0.32
Clin+Rad_FocalTversky_Top20__GaussianNB,0.4774305555555555,0.26591419442424713,0.9512195121951219,0.125,0.8297872340425531,0.538109756097561,0.2,0.8297872340425531
Clin+Rad_BCEDice_Top50__DecisionTree,0.47698412698412707,0.21478703849925726,0.0,1.0,0.0,0.5,0.4383561643835616,0.0
Clin+Rad_Focal_Top20__GaussianNB,0.47584325396825394,0.18357541844187597,0.24390243902439024,0.875,0.37735849056603776,0.5594512195121951,0.459016393442623,0.37735849056603776
RadOnly_Tversky_Top20__GaussianNB,0.47400793650793654,0.24334522745032844,0.9512195121951219,0.1875,0.8387096774193549,0.569359756097561,0.2857142857142857,0.8387096774193549
RadOnly_BCEFocalTversky_Top20__GaussianNB,0.4718253968253968,0.19179910144127638,0.926829268292683,0.125,0.8172043010752689,0.5259146341463414,0.19047619047619047,0.8172043010752689
RadOnly_BCEFocalTversky_Top10__DecisionTree,0.47103174603174613,0.15400890275071838,0.0,1.0,0.0,0.5,0.4383561643835616,0.0
RadOnly_BCEFocalTversky_Top10__SVM_RBF,0.46997354497354493,0.15799188982285467,1.0,0.0625,0.8453608247422679,0.53125,0.11764705882352941,0.8453608247422679
Clin+Rad_AdaptiveRegional_Top50__GaussianNB,0.4695271164021165,0.19894898038882233,0.43902439024390244,0.6875,0.5625,0.5632621951219512,0.44000000000000006,0.5625
RadOnly_GDice_Top10__SVM_RBF,0.46917989417989414,0.0925676459213184,1.0,0.0625,0.8453608247422679,0.53125,0.11764705882352941,0.8453608247422679
Clin+Rad_Tversky_Top20__GaussianNB,0.4686011904761904,0.23165753178752388,0.9512195121951219,0.1875,0.8387096774193549,0.569359756097561,0.2857142857142857,0.8387096774193549
Clin+Rad_Focal_Top50__GaussianNB,0.4685019841269841,0.20861646954388188,0.9024390243902439,0.1875,0.8131868131868132,0.5449695121951219,0.26086956521739124,0.8131868131868132
RadOnly_Focal_Top20__MLP,0.467228835978836,0.1516389014599817,0.6097560975609756,0.5,0.6756756756756757,0.5548780487804879,0.4,0.6756756756756757
RadOnly_GDice_Top10__GradientBoosting,0.46564153439153444,0.21993819651589874,0.07317073170731707,1.0,0.13636363636363635,0.5365853658536586,0.45714285714285713,0.13636363636363635
RadOnly_BCEDice_Top10__SVM_Linear,0.4652116402116403,0.13193580815379516,0.0975609756097561,1.0,0.17777777777777776,0.5487804878048781,0.463768115942029,0.17777777777777776
RadOnly_AdaptiveRegional_Top50__SVM_RBF,0.46517857142857144,0.11958065191712731,0.3170731707317073,0.8125,0.45614035087719296,0.5647865853658537,0.45614035087719296,0.45614035087719296
Clin+Rad_BCEDice_Top20__GaussianNB,0.4646660052910053,0.24889596713524356,0.6097560975609756,0.5,0.6756756756756757,0.5548780487804879,0.4,0.6756756756756757
RadOnly_FocalTversky_Top50__SVM_Linear,0.46342592592592596,0.06304460937240446,0.6341463414634146,0.5625,0.7027027027027027,0.5983231707317074,0.45,0.7027027027027027
RadOnly_Focal_Top20__ExtraTrees,0.4602347883597885,0.0766694226343266,0.8048780487804879,0.3125,0.7764705882352942,0.5586890243902439,0.3448275862068966,0.7764705882352942
Clin+Rad_AdaptiveRegional_Top20__GaussianNB,0.4600363756613756,0.21880144427816417,0.36585365853658536,0.75,0.4999999999999999,0.5579268292682926,0.44444444444444436,0.4999999999999999
RadOnly_Dice_Top50__SVM_Linear,0.4574735449735449,0.13929576331597662,0.0975609756097561,1.0,0.17777777777777776,0.5487804878048781,0.463768115942029,0.17777777777777776
RadOnly_GDice_Top20__SVM_RBF,0.45572089947089955,0.11061280061081588,0.24390243902439024,0.875,0.37735849056603776,0.5594512195121951,0.459016393442623,0.37735849056603776
RadOnly_BCEDice_Top20__MLP,0.4556216931216931,0.15857223184180222,0.5853658536585366,0.5,0.6575342465753423,0.5426829268292683,0.39024390243902435,0.6575342465753423
RadOnly_FocalTversky_Top20__GaussianNB,0.45486111111111105,0.30294019598871164,0.9024390243902439,0.1875,0.8131868131868132,0.5449695121951219,0.26086956521739124,0.8131868131868132
RadOnly_BCEDice_Top20__LogisticRegression,0.4530423280423281,0.1326713642129083,0.6585365853658537,0.4375,0.7012987012987012,0.5480182926829269,0.37837837837837834,0.7012987012987012
RadOnly_Dice_Top20__GaussianNB,0.45267857142857154,0.20708897082349584,0.7804878048780488,0.375,0.7710843373493976,0.5777439024390244,0.38709677419354843,0.7710843373493976
Clin+Rad_Focal_Top50__SVM_RBF,0.4508267195767196,0.11789935274043364,0.6341463414634146,0.4375,0.6842105263157895,0.5358231707317074,0.3684210526315789,0.6842105263157895
RadOnly_Dice_Top20__LogisticRegression,0.4503968253968254,0.16463233122554288,0.3170731707317073,0.8125,0.45614035087719296,0.5647865853658537,0.45614035087719296,0.45614035087719296
RadOnly_BCEFocalTversky_Top20__SVM_Linear,0.4481481481481482,0.0676876551203595,0.2682926829268293,0.8125,0.39999999999999997,0.5403963414634146,0.44067796610169485,0.39999999999999997
RadOnly_BCEFocalTversky_Top50__SVM_Linear,0.44715608465608464,0.06682918797659644,0.3902439024390244,0.75,0.5245901639344263,0.5701219512195121,0.4528301886792453,0.5245901639344263
RadOnly_Focal_Top10__GaussianNB,0.4462962962962963,0.1816939421514665,1.0,0.0625,0.8453608247422679,0.53125,0.11764705882352941,0.8453608247422679
RadOnly_GDice_Top50__kNN_k5,0.4460648148148148,0.19884461366626902,0.0,1.0,0.0,0.5,0.4383561643835616,0.0
Clin+Rad_FocalTversky_Top50__GaussianNB,0.44436177248677244,0.12681309183369452,0.2682926829268293,0.8125,0.39999999999999997,0.5403963414634146,0.44067796610169485,0.39999999999999997
RadOnly_Tversky_Top10__XGBoost,0.44340277777777776,0.21848970404027035,0.8780487804878049,0.1875,0.8,0.5327743902439024,0.25,0.8
RadOnly_FocalTversky_Top20__SVM_RBF,0.44312169312169314,0.12113975866687034,0.7804878048780488,0.3125,0.761904761904762,0.5464939024390244,0.3333333333333333,0.761904761904762
RadOnly_GDice_Top20__LogisticRegression,0.44196428571428575,0.16290335040969522,0.9024390243902439,0.1875,0.8131868131868132,0.5449695121951219,0.26086956521739124,0.8131868131868132
RadOnly_Tversky_Top10__SVM_RBF,0.44100529100529096,0.14639600685580603,0.975609756097561,0.125,0.8421052631578947,0.5503048780487805,0.21052631578947367,0.8421052631578947
RadOnly_GDice_Top50__GaussianNB,0.44060846560846556,0.1482527207931988,0.9512195121951219,0.0625,0.8210526315789473,0.506859756097561,0.10526315789473684,0.8210526315789473
RadOnly_AdaptiveRegional_Top20__GaussianNB,0.4395171957671957,0.24206946424818224,0.12195121951219512,0.9375,0.21276595744680848,0.5297256097560976,0.44776119402985076,0.21276595744680848
RadOnly_FocalTversky_Top10__XGBoost,0.4388062169312169,0.06185684485269221,0.7073170731707317,0.375,0.725,0.5411585365853658,0.35294117647058826,0.725
Clin+Rad_BCEDice_Top20__DecisionTree,0.43730158730158736,0.21216098296070868,0.0,1.0,0.0,0.5,0.4383561643835616,0.0
RadOnly_AdaptiveRegional_Top10__LogisticRegression,0.43697089947089945,0.0836480995787838,0.6829268292682927,0.4375,0.7179487179487181,0.5602134146341464,0.38888888888888884,0.7179487179487181
RadOnly_Tversky_Top10__GaussianNB,0.43449074074074073,0.2619278171804102,1.0,0.125,0.8541666666666666,0.5625,0.2222222222222222,0.8541666666666666
RadOnly_BCEDice_Top20__SVM_Linear,0.43125,0.10375845942010978,0.4146341463414634,0.6875,0.5396825396825397,0.5510670731707317,0.43137254901960786,0.5396825396825397
Clin+Rad_BCEFocalTversky_Top20__GaussianNB,0.43063822751322756,0.19523302339324264,0.3170731707317073,0.8125,0.45614035087719296,0.5647865853658537,0.45614035087719296,0.45614035087719296
RadOnly_GDice_Top50__XGBoost,0.4294146825396825,0.21641334706582635,0.0,1.0,0.0,0.5,0.4383561643835616,0.0
RadOnly_Focal_Top10__RandomForest,0.42635582010582007,0.15191496612084301,0.975609756097561,0.1875,0.851063829787234,0.5815548780487805,0.3,0.851063829787234
RadOnly_BCEFocalTversky_Top10__LogisticRegression,0.42407407407407405,0.26684664708214884,0.14634146341463414,1.0,0.2553191489361702,0.573170731707317,0.47761194029850745,0.2553191489361702
Clin+Rad_GDice_Top50__GaussianNB,0.42263558201058204,0.11459743799520358,0.9512195121951219,0.125,0.8297872340425531,0.538109756097561,0.2,0.8297872340425531
RadOnly_Focal_Top10__kNN_k5,0.41984126984126985,0.06296407450888478,0.0,1.0,0.0,0.5,0.4383561643835616,0.0
RadOnly_Dice_Top10__GaussianNB,0.41967592592592595,0.2412783349387938,0.07317073170731707,1.0,0.13636363636363635,0.5365853658536586,0.45714285714285713,0.13636363636363635
RadOnly_BCEDice_Top50__GaussianNB,0.41855158730158737,0.18439266119382733,0.5853658536585366,0.4375,0.6486486486486487,0.5114329268292683,0.35000000000000003,0.6486486486486487
RadOnly_GDice_Top20__GaussianNB,0.4127314814814815,0.2294839741155302,0.9512195121951219,0.125,0.8297872340425531,0.538109756097561,0.2,0.8297872340425531
RadOnly_BCEDice_Top10__GaussianNB,0.40509259259259267,0.24366106235075496,0.9024390243902439,0.125,0.8043478260869564,0.5137195121951219,0.18181818181818182,0.8043478260869564
RadOnly_Focal_Top20__GradientBoosting,0.40476190476190477,0.10067171727254971,0.926829268292683,0.1875,0.8260869565217392,0.5571646341463414,0.2727272727272727,0.8260869565217392
RadOnly_Focal_Top50__kNN_k5,0.40125661375661376,0.05820466559286984,0.0,1.0,0.0,0.5,0.4383561643835616,0.0
Clin+Rad_BCEDice_Top50__GaussianNB,0.3996527777777778,0.17044473643680627,0.2926829268292683,0.75,0.4210526315789473,0.5213414634146342,0.4210526315789473,0.4210526315789473
RadOnly_Dice_Top20__XGBoost,0.3921296296296296,0.2516986189620038,0.9024390243902439,0.25,0.8222222222222222,0.5762195121951219,0.3333333333333333,0.8222222222222222
RadOnly_Focal_Top50__SVM_Linear,0.39189814814814816,0.09962743526428261,0.024390243902439025,1.0,0.047619047619047616,0.5121951219512195,0.4444444444444445,0.047619047619047616
RadOnly_BCEDice_Top20__GaussianNB,0.3912037037037038,0.2238846000263166,1.0,0.0625,0.8453608247422679,0.53125,0.11764705882352941,0.8453608247422679
RadOnly_BCEFocalTversky_Top10__XGBoost,0.38923611111111106,0.25310666181095753,0.024390243902439025,1.0,0.047619047619047616,0.5121951219512195,0.4444444444444445,0.047619047619047616
RadOnly_FocalTversky_Top20__XGBoost,0.38657407407407407,0.15443822707087648,0.8536585365853658,0.1875,0.7865168539325843,0.5205792682926829,0.24000000000000005,0.7865168539325843
RadOnly_GDice_Top10__XGBoost,0.3864252645502646,0.20268167379514665,0.926829268292683,0.125,0.8172043010752689,0.5259146341463414,0.19047619047619047,0.8172043010752689
RadOnly_BCEFocalTversky_Top20__XGBoost,0.3827546296296297,0.24322624077381166,0.926829268292683,0.125,0.8172043010752689,0.5259146341463414,0.19047619047619047,0.8172043010752689
RadOnly_FocalTversky_Top10__GaussianNB,0.3805555555555556,0.2154524381073924,0.04878048780487805,1.0,0.09302325581395349,0.524390243902439,0.45070422535211263,0.09302325581395349
RadOnly_FocalTversky_Top50__XGBoost,0.37847222222222227,0.10087388226620797,0.7073170731707317,0.375,0.725,0.5411585365853658,0.35294117647058826,0.725
RadOnly_BCEFocalTversky_Top50__XGBoost,0.3781084656084656,0.16095274838288456,0.7804878048780488,0.25,0.7529411764705882,0.5152439024390244,0.27586206896551724,0.7529411764705882
RadOnly_GDice_Top10__GaussianNB,0.3776785714285714,0.14839877173432053,1.0,0.0625,0.8453608247422679,0.53125,0.11764705882352941,0.8453608247422679
RadOnly_Focal_Top10__LogisticRegression,0.3770833333333333,0.07555095982755082,0.21951219512195122,0.875,0.34615384615384615,0.5472560975609756,0.4516129032258065,0.34615384615384615
RadOnly_GDice_Top10__LogisticRegression,0.3687169312169313,0.22315426392700713,0.8048780487804879,0.3125,0.7764705882352942,0.5586890243902439,0.3448275862068966,0.7764705882352942
RadOnly_Tversky_Top20__XGBoost,0.3650462962962963,0.12398334853239729,0.07317073170731707,1.0,0.13636363636363635,0.5365853658536586,0.45714285714285713,0.13636363636363635
RadOnly_BCEFocalTversky_Top10__GaussianNB,0.36412037037037037,0.20161439056489303,0.0975609756097561,1.0,0.17777777777777776,0.5487804878048781,0.463768115942029,0.17777777777777776
RadOnly_GDice_Top20__XGBoost,0.3622850529100529,0.1643648958712869,0.9512195121951219,0.1875,0.8387096774193549,0.569359756097561,0.2857142857142857,0.8387096774193549
RadOnly_Tversky_Top50__XGBoost,0.35486111111111107,0.1659184594467571,0.9512195121951219,0.125,0.8297872340425531,0.538109756097561,0.2,0.8297872340425531
RadOnly_Dice_Top50__XGBoost,0.32533068783068786,0.21493695539803853,0.9512195121951219,0.125,0.8297872340425531,0.538109756097561,0.2,0.8297872340425531
RadOnly_Dice_Top10__XGBoost,0.3251157407407407,0.1744195682408438,1.0,0.0625,0.8453608247422679,0.53125,0.11764705882352941,0.8453608247422679
RadOnly_Focal_Top20__XGBoost,0.3085648148148148,0.2056092480759945,0.9024390243902439,0.1875,0.8131868131868132,0.5449695121951219,0.26086956521739124,0.8131868131868132
RadOnly_Focal_Top50__XGBoost,0.3071428571428571,0.1767116558754612,0.9512195121951219,0.125,0.8297872340425531,0.538109756097561,0.2,0.8297872340425531
RadOnly_BCEDice_Top50__SVM_Linear,0.29890873015873015,0.17127498539577518,0.024390243902439025,1.0,0.047619047619047616,0.5121951219512195,0.4444444444444445,0.047619047619047616
RadOnly_Focal_Top10__XGBoost,0.2599537037037037,0.17450019259405852,0.0,1.0,0.0,0.5,0.4383561643835616,0.0
